CodeClient;CodeProduit;DateVente;PrixUnitaire;Quantite
ALFKI;P28;25/08/2017 00:00;46;15
ALFKI;P39;25/08/2017 00:00;prix;21
ALFKI;P46;Master;12;2
ALFKI;P63;03/10/2017 00:00;44;20
ALFKI;P3;13/10/2017 00:00;10;6
ALFKI;P76;Master;18;15
ALFKI;P59;15/01/2018 00:00;55;15
ALFKI;P77;15/01/2018 00:00;13;quantité
ALFKI;P6;16/03/2018 00:00;prix;16
ALFKI;P28;16/03/2018 00:00;46;2
ALFKI;P58;09/04/2018 00:00;13;40
ALFKI;P71;09/04/2018 00:00;22;20
ANATR;P69;18/09/2016 00:00;29;1
ANATR;P70;18/09/2016 00:00;12;5
ANATR;P14;08/08/2017 00:00;23;3
ANATR;P42;08/08/2017 00:00;14;5
ANATR;P60;08/08/2017 00:00;34;10
ANATR;P32;28/11/2017 00:00;32;10
ANATR;P11;04/03/2018 00:00;21;2
ANATR;P13;04/03/2018 00:00;6;10
ANATR;P19;04/03/2018 00:00;9;7
ANATR;P72;04/03/2018 00:00;35;10
ANTON;P11;27/11/2016 00:00;17;24
ANTON;P43;15/04/2017 00:00;46;15
ANTON;P48;15/04/2017 00:00;13;15
ANTON;P11;13/05/2017 00:00;21;50
ANTON;P40;13/05/2017 00:00;18;10
ANTON;P57;13/05/2017 00:00;20;5
ANTON;P59;13/05/2017 00:00;55;15
ANTON;P17;19/06/2017 00:00;39;18
ANTON;P34;19/06/2017 00:00;14;40
ANTON;P53;19/06/2017 00:00;33;25
ANTON;P26;22/09/2017 00:00;31;30
ANTON;P33;22/09/2017 00:00;3;8
ANTON;P33;25/09/2017 00:00;3;30
ANTON;P66;25/09/2017 00:00;17;4
ANTON;P75;25/09/2017 00:00;8;30
ANTON;P2;28/01/2018 00:00;19;20
ANTON;P42;28/01/2018 00:00;14;20
AROUT;P24;15/11/2016 00:00;4;25
AROUT;P57;15/11/2016 00:00;16;25
AROUT;P13;16/12/2016 00:00;5;20
AROUT;P50;16/12/2016 00:00;13;15
AROUT;P56;16/12/2016 00:00;30;20
AROUT;P48;21/02/2017 00:00;10;15
AROUT;P70;21/02/2017 00:00;12;25
AROUT;P47;04/06/2017 00:00;10;25
AROUT;P51;04/06/2017 00:00;53;20
AROUT;P52;04/06/2017 00:00;7;30
AROUT;P53;04/06/2017 00:00;33;18
AROUT;P73;04/06/2017 00:00;15;3
AROUT;P55;16/10/2017 00:00;24;21
AROUT;P57;16/10/2017 00:00;20;40
AROUT;P70;16/10/2017 00:00;15;28
AROUT;P2;14/11/2017 00:00;19;15
AROUT;P46;17/11/2017 00:00;12;28
AROUT;P22;08/12/2017 00:00;21;4
AROUT;P31;08/12/2017 00:00;13;50
AROUT;P60;08/12/2017 00:00;34;15
AROUT;P71;08/12/2017 00:00;22;12
AROUT;P41;24/12/2017 00:00;10;14
AROUT;P52;24/12/2017 00:00;7;8
AROUT;P35;02/02/2018 00:00;18;4
AROUT;P67;02/02/2018 00:00;14;15
AROUT;P50;03/03/2018 00:00;16;24
AROUT;P20;16/03/2018 00:00;81;50
AROUT;P31;16/03/2018 00:00;13;50
AROUT;P31;10/04/2018 00:00;13;15
AROUT;P36;10/04/2018 00:00;19;16
BERGS;P44;12/08/2016 00:00;16;16
BERGS;P59;12/08/2016 00:00;44;15
BERGS;P63;12/08/2016 00:00;35;8
BERGS;P73;12/08/2016 00:00;12;25
BERGS;P24;14/08/2016 00:00;4;12
BERGS;P55;14/08/2016 00:00;19;20
BERGS;P75;14/08/2016 00:00;6;30
BERGS;P20;16/12/2016 00:00;65;28
BERGS;P60;16/12/2016 00:00;27;15
BERGS;P17;12/02/2017 00:00;31;10
BERGS;P26;12/02/2017 00:00;25;15
BERGS;P35;12/02/2017 00:00;14;8
BERGS;P41;12/02/2017 00:00;8;30
BERGS;P39;13/02/2017 00:00;14;6
BERGS;P54;13/02/2017 00:00;6;15
BERGS;P10;01/05/2017 00:00;31;2
BERGS;P30;01/05/2017 00:00;26;10
BERGS;P43;01/05/2017 00:00;46;60
BERGS;P54;01/05/2017 00:00;7;15
BERGS;P16;18/06/2017 00:00;17;12
BERGS;P32;18/06/2017 00:00;32;10
BERGS;P40;18/06/2017 00:00;18;50
BERGS;P75;18/06/2017 00:00;8;15
BERGS;P53;11/08/2017 00:00;33;12
BERGS;P60;11/08/2017 00:00;34;20
BERGS;P71;11/08/2017 00:00;22;20
BERGS;P4;02/09/2017 00:00;22;12
BERGS;P39;02/09/2017 00:00;18;20
BERGS;P54;02/09/2017 00:00;7;6
BERGS;P38;17/09/2017 00:00;264;15
BERGS;P71;17/09/2017 00:00;22;12
BERGS;P1;01/10/2017 00:00;18;35
BERGS;P14;07/11/2017 00:00;23;16
BERGS;P28;07/11/2017 00:00;46;20
BERGS;P52;07/11/2017 00:00;7;25
BERGS;P41;16/12/2017 00:00;10;10
BERGS;P13;16/01/2018 00:00;6;6
BERGS;P40;16/01/2018 00:00;18;25
BERGS;P47;16/01/2018 00:00;10;40
BERGS;P76;16/01/2018 00:00;18;21
BERGS;P3;28/01/2018 00:00;10;30
BERGS;P26;28/01/2018 00:00;31;35
BERGS;P29;28/01/2018 00:00;124;10
BERGS;P2;03/02/2018 00:00;19;21
BERGS;P24;03/02/2018 00:00;5;6
BERGS;P30;03/02/2018 00:00;26;40
BERGS;P19;06/02/2018 00:00;9;25
BERGS;P47;06/02/2018 00:00;10;21
BERGS;P49;06/02/2018 00:00;20;15
BERGS;P10;04/03/2018 00:00;31;20
BERGS;P28;04/03/2018 00:00;46;30
BERGS;P75;04/03/2018 00:00;8;6
BLAUS;P54;09/04/2017 00:00;7;20
BLAUS;P28;17/04/2017 00:00;46;3
BLAUS;P57;27/06/2017 00:00;20;4
BLAUS;P76;27/06/2017 00:00;18;14
BLAUS;P11;29/07/2017 00:00;21;14
BLAUS;P21;29/07/2017 00:00;10;8
BLAUS;P39;29/07/2017 00:00;18;5
BLAUS;P18;27/01/2018 00:00;63;10
BLAUS;P21;17/03/2018 00:00;10;12
BLAUS;P47;17/03/2018 00:00;10;14
BLAUS;P51;17/03/2018 00:00;53;8
BLAUS;P21;29/04/2018 00:00;10;3
BLAUS;P60;29/04/2018 00:00;34;21
BLAUS;P61;29/04/2018 00:00;29;4
BLONP;P17;25/07/2016 00:00;31;30
BLONP;P70;25/07/2016 00:00;12;20
BLONP;P39;04/09/2016 00:00;14;60
BLONP;P72;04/09/2016 00:00;28;20
BLONP;P28;22/11/2016 00:00;36;30
BLONP;P29;22/11/2016 00:00;99;35
BLONP;P38;22/11/2016 00:00;211;10
BLONP;P49;22/11/2016 00:00;16;35
BLONP;P54;22/11/2016 00:00;6;28
BLONP;P46;05/02/2017 00:00;10;5
BLONP;P56;05/02/2017 00:00;30;40
BLONP;P64;05/02/2017 00:00;27;30
BLONP;P75;05/02/2017 00:00;6;24
BLONP;P10;18/02/2017 00:00;25;14
BLONP;P52;18/02/2017 00:00;6;20
BLONP;P62;18/02/2017 00:00;39;35
BLONP;P41;05/06/2017 00:00;10;12
BLONP;P55;05/06/2017 00:00;24;18
BLONP;P11;12/06/2017 00:00;21;35
BLONP;P18;12/06/2017 00:00;63;18
BLONP;P76;12/06/2017 00:00;18;10
BLONP;P31;30/06/2017 00:00;13;50
BLONP;P1;12/08/2017 00:00;18;25
BLONP;P59;23/09/2017 00:00;55;12
BLONP;P31;12/01/2018 00:00;13;35
BLONP;P57;12/01/2018 00:00;20;15
BOLID;P4;10/10/2016 00:00;18;24
BOLID;P57;10/10/2016 00:00;16;16
BOLID;P75;10/10/2016 00:00;6;50
BOLID;P17;29/12/2017 00:00;39;40
BOLID;P29;29/12/2017 00:00;124;20
BOLID;P52;24/03/2018 00:00;7;40
BONAP;P54;16/10/2016 00:00;6;15
BONAP;P18;29/10/2016 00:00;50;20
BONAP;P41;29/10/2016 00:00;8;12
BONAP;P43;29/10/2016 00:00;37;40
BONAP;P25;25/11/2016 00:00;11;50
BONAP;P51;25/11/2016 00:00;42;20
BONAP;P54;25/11/2016 00:00;6;24
BONAP;P18;11/03/2017 00:00;50;30
BONAP;P23;11/03/2017 00:00;7;15
BONAP;P64;11/03/2017 00:00;27;8
BONAP;P4;18/04/2017 00:00;22;50
BONAP;P7;18/04/2017 00:00;30;50
BONAP;P8;18/04/2017 00:00;40;10
BONAP;P36;02/05/2017 00:00;19;30
BONAP;P40;02/05/2017 00:00;18;15
BONAP;P40;10/09/2017 00:00;18;30
BONAP;P42;10/09/2017 00:00;14;30
BONAP;P51;10/09/2017 00:00;53;20
BONAP;P10;23/10/2017 00:00;31;21
BONAP;P71;23/10/2017 00:00;22;30
BONAP;P16;05/11/2017 00:00;17;15
BONAP;P31;05/11/2017 00:00;13;3
BONAP;P65;05/11/2017 00:00;21;10
BONAP;P76;06/11/2017 00:00;18;20
BONAP;P47;26/11/2017 00:00;10;30
BONAP;P56;26/11/2017 00:00;38;30
BONAP;P57;26/11/2017 00:00;20;14
BONAP;P69;26/11/2017 00:00;36;25
BONAP;P10;12/01/2018 00:00;31;15
BONAP;P39;12/01/2018 00:00;18;21
BONAP;P6;05/02/2018 00:00;25;50
BONAP;P16;05/02/2018 00:00;17;12
BONAP;P17;05/02/2018 00:00;39;16
BONAP;P46;09/02/2018 00:00;12;21
BONAP;P64;09/02/2018 00:00;33;20
BONAP;P16;06/03/2018 00:00;17;30
BONAP;P62;06/03/2018 00:00;49;14
BONAP;P72;06/03/2018 00:00;35;16
BONAP;P75;06/03/2018 00:00;8;20
BONAP;P7;11/03/2018 00:00;30;8
BONAP;P13;11/03/2018 00:00;6;20
BONAP;P6;06/05/2018 00:00;25;20
BONAP;P14;06/05/2018 00:00;23;20
BONAP;P19;06/05/2018 00:00;9;10
BOTTM;P10;20/12/2016 00:00;25;16
BOTTM;P55;20/12/2016 00:00;19;15
BOTTM;P62;20/12/2016 00:00;39;20
BOTTM;P70;20/12/2016 00:00;12;30
BOTTM;P33;10/01/2017 00:00;2;49
BOTTM;P59;10/01/2017 00:00;44;16
BOTTM;P41;10/01/2017 00:00;8;25
BOTTM;P44;10/01/2017 00:00;16;40
BOTTM;P59;10/01/2017 00:00;44;9
BOTTM;P17;30/01/2017 00:00;31;50
BOTTM;P40;30/01/2017 00:00;15;50
BOTTM;P47;30/01/2017 00:00;8;30
BOTTM;P25;01/04/2017 00:00;11;60
BOTTM;P42;01/04/2017 00:00;11;20
BOTTM;P3;14/11/2017 00:00;10;20
BOTTM;P60;14/11/2017 00:00;34;50
BOTTM;P72;14/11/2017 00:00;35;35
BOTTM;P1;02/03/2018 00:00;18;60
BOTTM;P60;02/03/2018 00:00;34;25
BOTTM;P11;12/03/2018 00:00;21;5
BOTTM;P44;12/03/2018 00:00;19;18
BOTTM;P56;12/03/2018 00:00;38;18
BOTTM;P6;13/03/2018 00:00;25;12
BOTTM;P10;13/03/2018 00:00;31;30
BOTTM;P17;13/03/2018 00:00;39;6
BOTTM;P62;13/03/2018 00:00;49;60
BOTTM;P8;25/03/2018 00:00;40;16
BOTTM;P75;25/03/2018 00:00;8;10
BOTTM;P7;27/03/2018 00:00;30;20
BOTTM;P43;27/03/2018 00:00;46;9
BOTTM;P24;16/04/2018 00:00;5;30
BOTTM;P62;16/04/2018 00:00;49;21
BOTTM;P33;23/04/2018 00:00;3;15
BOTTM;P51;23/04/2018 00:00;53;24
BOTTM;P68;24/04/2018 00:00;13;42
BSBEV;P3;26/08/2016 00:00;8;30
BSBEV;P64;26/08/2016 00:00;27;9
BSBEV;P7;11/03/2017 00:00;24;30
BSBEV;P56;11/03/2017 00:00;30;20
BSBEV;P21;24/03/2017 00:00;8;14
BSBEV;P40;24/03/2017 00:00;15;10
BSBEV;P51;24/03/2017 00:00;42;3
BSBEV;P70;15/05/2017 00:00;15;7
BSBEV;P72;15/05/2017 00:00;35;1
BSBEV;P13;16/05/2017 00:00;6;8
BSBEV;P21;16/05/2017 00:00;10;15
BSBEV;P33;16/05/2017 00:00;3;15
BSBEV;P49;16/05/2017 00:00;20;6
BSBEV;P35;24/06/2017 00:00;18;20
BSBEV;P57;24/06/2017 00:00;20;6
BSBEV;P62;15/07/2017 00:00;49;10
BSBEV;P13;11/03/2018 00:00;6;15
BSBEV;P22;11/03/2018 00:00;21;21
BSBEV;P46;11/03/2018 00:00;12;15
BSBEV;P59;13/03/2018 00:00;55;4
BSBEV;P7;14/04/2018 00:00;30;4
BSBEV;P43;14/04/2018 00:00;46;30
CACTU;P35;29/04/2017 00:00;18;3
CACTU;P41;29/04/2017 00:00;10;10
CACTU;P68;29/04/2017 00:00;13;6
CACTU;P31;17/12/2017 00:00;13;1
CACTU;P43;07/01/2018 00:00;46;7
CACTU;P75;07/01/2018 00:00;8;20
CACTU;P73;11/02/2018 00:00;15;10
CACTU;P28;10/03/2018 00:00;46;8
CACTU;P34;10/03/2018 00:00;14;20
CACTU;P33;28/04/2018 00:00;3;10
CACTU;P67;28/04/2018 00:00;14;20
CENTC;P21;18/07/2016 00:00;8;10
CENTC;P37;18/07/2016 00:00;21;1
CHOPS;P24;11/07/2016 00:00;4;15
CHOPS;P55;11/07/2016 00:00;19;21
CHOPS;P74;11/07/2016 00:00;8;21
CHOPS;P1;03/12/2016 00:00;14;15
CHOPS;P64;03/12/2016 00:00;27;30
CHOPS;P74;03/12/2016 00:00;8;20
CHOPS;P10;28/04/2017 00:00;31;16
CHOPS;P56;28/04/2017 00:00;38;40
CHOPS;P60;28/04/2017 00:00;34;10
CHOPS;P21;06/11/2017 00:00;10;40
CHOPS;P51;06/11/2017 00:00;53;30
CHOPS;P13;19/11/2017 00:00;6;6
CHOPS;P42;19/11/2017 00:00;14;28
CHOPS;P62;19/11/2017 00:00;49;9
CHOPS;P69;19/11/2017 00:00;36;40
CHOPS;P37;20/03/2018 00:00;26;8
CHOPS;P56;20/03/2018 00:00;38;12
CHOPS;P62;20/03/2018 00:00;49;12
CHOPS;P56;16/04/2018 00:00;38;20
CHOPS;P63;16/04/2018 00:00;44;12
CHOPS;P2;22/04/2018 00:00;19;30
CHOPS;P63;22/04/2018 00:00;44;30
COMMI;P5;27/08/2016 00:00;17;20
COMMI;P29;27/08/2016 00:00;99;15
COMMI;P49;27/08/2016 00:00;16;15
COMMI;P77;27/08/2016 00:00;10;10
COMMI;P11;06/03/2017 00:00;17;10
COMMI;P46;06/03/2017 00:00;10;5
COMMI;P56;02/04/2017 00:00;30;30
COMMI;P46;23/03/2018 00:00;12;9
COMMI;P44;22/04/2018 00:00;19;15
COMMI;P61;22/04/2018 00:00;29;4
CONSH;P2;04/02/2017 00:00;15;10
CONSH;P22;04/02/2017 00:00;17;12
CONSH;P72;04/02/2017 00:00;28;10
CONSH;P13;03/03/2017 00:00;5;1
CONSH;P23;03/03/2017 00:00;7;21
CONSH;P5;23/01/2018 00:00;21;30
CONSH;P9;23/01/2018 00:00;97;3
DRACD;P31;26/11/2016 00:00;10;20
DRACD;P75;26/11/2016 00:00;6;12
DRACD;P76;26/11/2016 00:00;14;12
DRACD;P13;23/12/2016 00:00;5;18
DRACD;P11;25/12/2017 00:00;21;20
DRACD;P26;09/01/2018 00:00;31;12
DRACD;P53;09/01/2018 00:00;33;20
DRACD;P13;20/04/2018 00:00;6;7
DRACD;P59;20/04/2018 00:00;55;30
DRACD;P41;04/05/2018 00:00;10;9
DUMON;P42;20/09/2016 00:00;11;6
DUMON;P69;20/09/2016 00:00;29;7
DUMON;P1;24/07/2017 00:00;18;3
DUMON;P10;24/07/2017 00:00;31;10
DUMON;P21;24/07/2017 00:00;10;6
DUMON;P52;26/09/2017 00:00;7;9
DUMON;P17;16/02/2018 00:00;39;15
DUMON;P34;16/02/2018 00:00;14;10
DUMON;P41;16/02/2018 00:00;10;14
EASTC;P69;26/11/2016 00:00;29;30
EASTC;P71;26/11/2016 00:00;17;5
EASTC;P29;01/01/2017 00:00;99;21
EASTC;P35;01/01/2017 00:00;14;35
EASTC;P49;01/01/2017 00:00;16;30
EASTC;P30;09/05/2017 00:00;26;15
EASTC;P66;09/05/2017 00:00;17;24
EASTC;P4;03/11/2017 00:00;22;25
EASTC;P11;03/11/2017 00:00;21;5
EASTC;P7;31/03/2018 00:00;30;60
EASTC;P43;31/03/2018 00:00;46;6
EASTC;P72;31/03/2018 00:00;35;20
EASTC;P26;15/04/2018 00:00;31;12
EASTC;P33;15/04/2018 00:00;3;30
EASTC;P65;15/04/2018 00:00;21;21
EASTC;P71;15/04/2018 00:00;22;50
EASTC;P1;24/04/2018 00:00;18;25
EASTC;P5;24/04/2018 00:00;21;30
EASTC;P7;28/04/2018 00:00;30;40
EASTC;P55;28/04/2018 00:00;24;35
EASTC;P60;28/04/2018 00:00;34;50
ERNSH;P2;17/07/2016 00:00;15;50
ERNSH;P5;17/07/2016 00:00;17;65
ERNSH;P32;17/07/2016 00:00;26;6
ERNSH;P16;23/07/2016 00:00;14;60
ERNSH;P24;23/07/2016 00:00;4;28
ERNSH;P30;23/07/2016 00:00;21;60
ERNSH;P74;23/07/2016 00:00;8;36
ERNSH;P38;11/11/2016 00:00;211;20
ERNSH;P41;11/11/2016 00:00;8;13
ERNSH;P44;11/11/2016 00:00;16;77
ERNSH;P65;11/11/2016 00:00;17;10
ERNSH;P21;29/11/2016 00:00;8;5
ERNSH;P28;29/11/2016 00:00;36;13
ERNSH;P57;29/11/2016 00:00;16;25
ERNSH;P64;29/11/2016 00:00;27;35
ERNSH;P5;13/12/2016 00:00;17;32
ERNSH;P18;13/12/2016 00:00;50;9
ERNSH;P29;13/12/2016 00:00;99;14
ERNSH;P33;13/12/2016 00:00;2;60
ERNSH;P74;13/12/2016 00:00;8;50
ERNSH;P31;23/12/2016 00:00;10;60
ERNSH;P35;23/12/2016 00:00;14;40
ERNSH;P46;23/12/2016 00:00;10;45
ERNSH;P72;23/12/2016 00:00;28;24
ERNSH;P23;02/01/2017 00:00;7;60
ERNSH;P63;02/01/2017 00:00;35;65
ERNSH;P16;03/01/2017 00:00;14;21
ERNSH;P48;03/01/2017 00:00;10;70
ERNSH;P17;30/01/2017 00:00;31;45
ERNSH;P21;30/01/2017 00:00;8;50
ERNSH;P56;30/01/2017 00:00;30;30
ERNSH;P59;30/01/2017 00:00;44;70
ERNSH;P11;11/02/2017 00:00;17;30
ERNSH;P54;11/02/2017 00:00;6;80
ERNSH;P66;11/02/2017 00:00;14;60
ERNSH;P20;22/04/2017 00:00;81;39
ERNSH;P28;22/04/2017 00:00;46;35
ERNSH;P56;22/04/2017 00:00;38;70
ERNSH;P65;22/04/2017 00:00;21;39
ERNSH;P75;22/04/2017 00:00;8;50
ERNSH;P14;17/06/2017 00:00;23;11
ERNSH;P42;17/06/2017 00:00;14;28
ERNSH;P35;10/07/2017 00:00;18;30
ERNSH;P61;10/07/2017 00:00;29;120
ERNSH;P69;10/07/2017 00:00;36;65
ERNSH;P12;15/08/2017 00:00;38;36
ERNSH;P13;15/08/2017 00:00;6;13
ERNSH;P26;15/08/2017 00:00;31;35
ERNSH;P62;15/08/2017 00:00;49;80
ERNSH;P69;12/09/2017 00:00;36;45
ERNSH;P71;12/09/2017 00:00;22;14
ERNSH;P11;09/10/2017 00:00;21;15
ERNSH;P17;09/10/2017 00:00;39;8
ERNSH;P29;09/10/2017 00:00;124;12
ERNSH;P65;09/10/2017 00:00;21;65
ERNSH;P70;09/10/2017 00:00;15;8
ERNSH;P3;03/12/2017 00:00;10;20
ERNSH;P39;03/12/2017 00:00;18;130
ERNSH;P71;10/12/2017 00:00;22;16
ERNSH;P17;11/12/2017 00:00;39;33
ERNSH;P31;11/12/2017 00:00;13;70
ERNSH;P75;11/12/2017 00:00;8;7
ERNSH;P31;15/12/2017 00:00;13;16
ERNSH;P42;15/12/2017 00:00;14;12
ERNSH;P45;15/12/2017 00:00;10;27
ERNSH;P51;15/12/2017 00:00;53;120
ERNSH;P16;24/12/2017 00:00;17;65
ERNSH;P17;24/12/2017 00:00;39;35
ERNSH;P22;16/01/2018 00:00;21;52
ERNSH;P35;16/01/2018 00:00;18;6
ERNSH;P57;16/01/2018 00:00;20;24
ERNSH;P60;16/01/2018 00:00;34;60
ERNSH;P64;16/01/2018 00:00;33;30
ERNSH;P10;27/01/2018 00:00;31;100
ERNSH;P13;27/01/2018 00:00;6;65
ERNSH;P24;18/02/2018 00:00;5;110
ERNSH;P39;18/02/2018 00:00;18;45
ERNSH;P40;18/02/2018 00:00;18;91
ERNSH;P60;18/02/2018 00:00;34;100
ERNSH;P12;23/03/2018 00:00;38;30
ERNSH;P24;23/03/2018 00:00;5;30
ERNSH;P64;23/03/2018 00:00;33;4
ERNSH;P7;26/03/2018 00:00;30;18
ERNSH;P12;26/03/2018 00:00;38;20
ERNSH;P24;26/03/2018 00:00;5;80
ERNSH;P27;26/03/2018 00:00;44;30
ERNSH;P31;26/03/2018 00:00;13;24
ERNSH;P63;26/03/2018 00:00;44;35
ERNSH;P21;01/04/2018 00:00;10;65
ERNSH;P34;01/04/2018 00:00;14;60
ERNSH;P55;01/04/2018 00:00;24;65
ERNSH;P61;01/04/2018 00:00;29;66
ERNSH;P28;08/04/2018 00:00;46;70
ERNSH;P34;08/04/2018 00:00;14;90
ERNSH;P71;08/04/2018 00:00;22;21
ERNSH;P3;13/04/2018 00:00;10;25
ERNSH;P59;13/04/2018 00:00;55;110
ERNSH;P70;13/04/2018 00:00;15;30
ERNSH;P2;05/05/2018 00:00;19;8
ERNSH;P41;05/05/2018 00:00;10;40
ERNSH;P50;05/05/2018 00:00;16;22
ERNSH;P64;05/05/2018 00:00;33;130
FAMIA;P25;06/11/2016 00:00;11;10
FAMIA;P39;06/11/2016 00:00;14;50
FAMIA;P40;06/11/2016 00:00;15;4
FAMIA;P75;06/11/2016 00:00;6;6
FAMIA;P24;18/12/2016 00:00;4;15
FAMIA;P34;18/12/2016 00:00;11;10
FAMIA;P19;14/01/2017 00:00;7;18
FAMIA;P33;14/01/2017 00:00;2;50
FAMIA;P24;21/04/2017 00:00;5;10
FAMIA;P46;21/04/2017 00:00;12;9
FAMIA;P47;21/04/2017 00:00;10;6
FAMIA;P60;21/04/2017 00:00;34;12
FAMIA;P75;26/06/2017 00:00;8;50
FAMIA;P30;29/08/2017 00:00;26;30
FAMIA;P53;29/08/2017 00:00;33;25
FAMIA;P54;29/08/2017 00:00;7;30
FAMIA;P41;31/10/2017 00:00;10;12
FAMIA;P52;31/10/2017 00:00;7;4
FAMIA;P55;31/10/2017 00:00;24;6
FOLIG;P37;08/01/2017 00:00;21;10
FOLIG;P54;08/01/2017 00:00;6;6
FOLIG;P62;08/01/2017 00:00;39;35
FOLIG;P47;20/03/2017 00:00;8;30
FOLIG;P59;20/03/2017 00:00;44;12
FOLIG;P7;15/08/2017 00:00;30;35
FOLIG;P18;15/08/2017 00:00;63;50
FOLIG;P51;15/08/2017 00:00;53;15
FOLIG;P75;15/08/2017 00:00;8;2
FOLIG;P21;03/12/2017 00:00;10;40
FOLIG;P22;03/12/2017 00:00;21;6
FOLIG;P24;03/12/2017 00:00;5;20
FOLIG;P18;22/12/2017 00:00;63;30
FOLIG;P35;22/12/2017 00:00;18;15
FOLIG;P63;22/12/2017 00:00;44;30
FOLIG;P68;22/12/2017 00:00;13;18
FOLKO;P2;24/07/2016 00:00;15;35
FOLKO;P41;24/07/2016 00:00;8;25
FOLKO;P2;11/10/2016 00:00;15;25
FOLKO;P11;11/10/2016 00:00;17;50
FOLKO;P30;11/10/2016 00:00;21;35
FOLKO;P58;11/10/2016 00:00;11;30
FOLKO;P71;10/12/2016 00:00;17;6
FOLKO;P11;03/02/2017 00:00;17;6
FOLKO;P76;03/02/2017 00:00;14;18
FOLKO;P68;28/02/2017 00:00;10;21
FOLKO;P75;28/02/2017 00:00;6;4
FOLKO;P4;12/05/2017 00:00;22;50
FOLKO;P72;12/05/2017 00:00;35;24
FOLKO;P73;12/05/2017 00:00;15;24
FOLKO;P44;06/06/2017 00:00;19;10
FOLKO;P51;06/06/2017 00:00;53;50
FOLKO;P2;14/10/2017 00:00;19;5
FOLKO;P59;14/10/2017 00:00;55;35
FOLKO;P73;14/10/2017 00:00;15;35
FOLKO;P39;02/12/2017 00:00;18;16
FOLKO;P47;02/12/2017 00:00;10;30
FOLKO;P51;02/12/2017 00:00;53;28
FOLKO;P56;02/12/2017 00:00;38;60
FOLKO;P31;11/12/2017 00:00;13;2
FOLKO;P66;11/12/2017 00:00;17;50
FOLKO;P41;09/01/2018 00:00;10;12
FOLKO;P70;09/01/2018 00:00;15;9
FOLKO;P23;10/02/2018 00:00;9;30
FOLKO;P61;10/02/2018 00:00;29;30
FOLKO;P70;10/02/2018 00:00;15;50
FOLKO;P55;23/02/2018 00:00;24;30
FOLKO;P62;23/02/2018 00:00;49;6
FOLKO;P75;17/03/2018 00:00;8;12
FOLKO;P39;26/03/2018 00:00;18;30
FOLKO;P47;26/03/2018 00:00;10;30
FOLKO;P51;26/03/2018 00:00;53;10
FOLKO;P63;26/03/2018 00:00;44;20
FOLKO;P75;27/03/2018 00:00;8;40
FOLKO;P29;01/04/2018 00:00;124;50
FOLKO;P41;01/04/2018 00:00;10;35
FOLKO;P7;06/04/2018 00:00;30;60
FOLKO;P22;06/04/2018 00:00;21;25
FOLKO;P46;06/04/2018 00:00;12;25
FOLKO;P55;06/04/2018 00:00;24;6
FOLKO;P76;27/04/2018 00:00;18;50
FRANK;P40;29/07/2016 00:00;15;50
FRANK;P59;29/07/2016 00:00;44;70
FRANK;P76;29/07/2016 00:00;14;15
FRANK;P23;24/10/2016 00:00;7;40
FRANK;P26;24/10/2016 00:00;25;24
FRANK;P36;24/10/2016 00:00;15;20
FRANK;P37;24/10/2016 00:00;21;28
FRANK;P72;24/10/2016 00:00;28;25
FRANK;P2;30/10/2016 00:00;15;24
FRANK;P31;30/10/2016 00:00;10;56
FRANK;P36;30/10/2016 00:00;15;40
FRANK;P55;30/10/2016 00:00;19;40
FRANK;P23;27/12/2016 00:00;7;40
FRANK;P71;27/12/2016 00:00;17;60
FRANK;P72;27/12/2016 00:00;28;21
FRANK;P59;27/03/2017 00:00;44;30
FRANK;P73;27/03/2017 00:00;12;20
FRANK;P30;06/06/2017 00:00;26;20
FRANK;P62;06/06/2017 00:00;49;15
FRANK;P14;07/08/2017 00:00;23;21
FRANK;P19;07/08/2017 00:00;9;15
FRANK;P21;07/08/2017 00:00;10;25
FRANK;P24;07/08/2017 00:00;5;3
FRANK;P35;07/08/2017 00:00;18;30
FRANK;P16;02/09/2017 00:00;17;30
FRANK;P60;02/09/2017 00:00;34;20
FRANK;P23;16/09/2017 00:00;9;32
FRANK;P46;16/09/2017 00:00;12;60
FRANK;P67;16/09/2017 00:00;14;25
FRANK;P73;16/09/2017 00:00;15;50
FRANK;P75;16/09/2017 00:00;8;25
FRANK;P14;19/09/2017 00:00;23;30
FRANK;P53;19/09/2017 00:00;33;10
FRANK;P58;19/09/2017 00:00;13;30
FRANK;P21;24/10/2017 00:00;10;32
FRANK;P54;24/10/2017 00:00;7;15
FRANK;P69;24/10/2017 00:00;36;25
FRANK;P29;23/12/2017 00:00;124;14
FRANK;P41;23/12/2017 00:00;10;20
FRANK;P24;29/01/2018 00:00;5;40
FRANK;P54;29/01/2018 00:00;7;35
FRANK;P64;29/01/2018 00:00;33;30
FRANK;P21;05/03/2018 00:00;10;60
FRANK;P75;05/03/2018 00:00;8;49
FRANK;P77;05/03/2018 00:00;13;15
FRANK;P19;09/04/2018 00:00;9;50
FRANK;P60;09/04/2018 00:00;34;36
FRANK;P71;09/04/2018 00:00;22;60
FRANR;P16;17/09/2017 00:00;17;10
FRANR;P62;17/09/2017 00:00;49;10
FRANR;P65;17/09/2017 00:00;21;12
FRANR;P51;29/01/2018 00:00;53;3
FRANR;P76;29/01/2018 00:00;18;20
FRANR;P29;24/03/2018 00:00;124;14
FRANS;P26;22/01/2017 00:00;25;2
FRANS;P19;20/10/2017 00:00;9;5
FRANS;P47;20/10/2017 00:00;10;5
FRANS;P45;25/11/2017 00:00;10;4
FRANS;P74;25/11/2017 00:00;10;5
FRANS;P40;31/12/2017 00:00;18;1
FRANS;P18;15/04/2018 00:00;63;8
FRANS;P51;15/04/2018 00:00;53;10
FRANS;P60;30/04/2018 00:00;34;4
FRANS;P77;30/04/2018 00:00;13;10
FURIB;P59;14/10/2016 00:00;44;9
FURIB;P65;14/10/2016 00:00;17;40
FURIB;P68;14/10/2016 00:00;10;10
FURIB;P24;12/11/2016 00:00;4;10
FURIB;P54;12/11/2016 00:00;6;20
FURIB;P4;04/03/2017 00:00;18;16
FURIB;P43;04/03/2017 00:00;37;3
FURIB;P56;04/03/2017 00:00;30;30
FURIB;P60;04/03/2017 00:00;27;20
FURIB;P44;31/03/2017 00:00;16;15
FURIB;P77;31/03/2017 00:00;10;7
FURIB;P16;28/05/2017 00:00;17;40
FURIB;P35;28/05/2017 00:00;18;20
FURIB;P44;28/05/2017 00:00;19;40
FURIB;P48;18/07/2017 00:00;13;6
FURIB;P76;18/07/2017 00:00;18;10
FURIB;P10;10/09/2017 00:00;31;24
FURIB;P56;10/09/2017 00:00;38;12
FURIB;P65;10/09/2017 00:00;21;15
FURIB;P60;19/03/2018 00:00;34;2
GALED;P65;28/11/2016 00:00;17;5
GALED;P77;28/11/2016 00:00;10;5
GALED;P56;27/01/2017 00:00;30;5
GALED;P64;27/01/2017 00:00;27;7
GALED;P10;13/06/2017 00:00;31;5
GALED;P25;13/02/2018 00:00;14;5
GALED;P47;05/03/2018 00:00;10;5
GALED;P76;05/03/2018 00:00;18;5
GODOS;P40;11/09/2016 00:00;15;40
GODOS;P65;11/09/2016 00:00;17;30
GODOS;P68;11/09/2016 00:00;10;15
GODOS;P17;28/05/2017 00:00;39;8
GODOS;P19;28/05/2017 00:00;9;10
GODOS;P21;28/05/2017 00:00;10;6
GODOS;P61;28/05/2017 00:00;29;10
GODOS;P29;12/08/2017 00:00;124;20
GODOS;P64;12/08/2017 00:00;33;9
GODOS;P55;05/02/2018 00:00;24;10
GODOS;P62;05/02/2018 00:00;49;20
GODOS;P64;05/02/2018 00:00;33;15
GODOS;P65;05/02/2018 00:00;21;21
GODOS;P10;06/02/2018 00:00;31;10
GODOS;P2;16/02/2018 00:00;19;20
GODOS;P68;16/02/2018 00:00;13;18
GODOS;P1;26/02/2018 00:00;18;10
GODOS;P17;26/02/2018 00:00;39;12
GODOS;P67;26/02/2018 00:00;14;15
GODOS;P50;13/03/2018 00:00;16;9
GODOS;P51;13/03/2018 00:00;53;40
GODOS;P55;13/03/2018 00:00;24;4
GODOS;P24;08/04/2018 00:00;5;12
GODOS;P36;08/04/2018 00:00;19;18
GODOS;P60;08/04/2018 00:00;34;9
GODOS;P70;21/04/2018 00:00;15;4
GOURL;P31;23/01/2017 00:00;10;14
GOURL;P59;23/01/2017 00:00;44;20
GOURL;P30;01/09/2017 00:00;26;2
GOURL;P42;01/09/2017 00:00;14;20
GOURL;P10;29/09/2017 00:00;31;20
GOURL;P41;29/09/2017 00:00;10;4
GOURL;P47;29/09/2017 00:00;10;15
GOURL;P8;17/10/2017 00:00;40;40
GOURL;P51;17/10/2017 00:00;53;28
GOURL;P60;17/10/2017 00:00;34;10
GOURL;P6;07/11/2017 00:00;25;30
GOURL;P30;07/11/2017 00:00;26;15
GOURL;P76;07/11/2017 00:00;18;20
GOURL;P42;15/12/2017 00:00;14;20
GOURL;P7;22/12/2017 00:00;30;3
GOURL;P56;22/12/2017 00:00;38;20
GOURL;P75;18/03/2018 00:00;8;20
GOURL;P2;24/04/2018 00:00;19;10
GOURL;P12;24/04/2018 00:00;38;4
GREAL;P11;06/05/2017 00:00;21;3
GREAL;P33;06/05/2017 00:00;3;8
GREAL;P72;06/05/2017 00:00;35;9
GREAL;P35;04/07/2017 00:00;18;4
GREAL;P38;31/07/2017 00:00;264;15
GREAL;P56;31/07/2017 00:00;38;14
GREAL;P70;31/07/2017 00:00;15;15
GREAL;P71;31/07/2017 00:00;22;15
GREAL;P59;31/07/2017 00:00;55;30
GREAL;P14;04/09/2017 00:00;23;3
GREAL;P44;04/09/2017 00:00;19;28
GREAL;P47;04/09/2017 00:00;10;6
GREAL;P19;25/09/2017 00:00;9;30
GREAL;P21;25/09/2017 00:00;10;12
GREAL;P64;25/09/2017 00:00;33;28
GREAL;P38;06/01/2018 00:00;264;30
GREAL;P62;06/01/2018 00:00;49;20
GREAL;P36;09/03/2018 00:00;19;30
GREAL;P1;07/04/2018 00:00;18;8
GREAL;P29;07/04/2018 00:00;124;2
GREAL;P21;22/04/2018 00:00;10;20
GREAL;P60;30/04/2018 00:00;34;15
GROSR;P29;30/07/2016 00:00;99;10
GROSR;P72;30/07/2016 00:00;28;4
GROSR;P10;18/12/2017 00:00;31;10
GROSR;P75;18/12/2017 00:00;8;10
HANAR;P41;08/07/2016 00:00;8;10
HANAR;P51;08/07/2016 00:00;42;35
HANAR;P65;08/07/2016 00:00;17;15
HANAR;P31;10/07/2016 00:00;10;20
HANAR;P39;10/07/2016 00:00;14;42
HANAR;P49;10/07/2016 00:00;16;40
HANAR;P24;19/05/2017 00:00;5;35
HANAR;P38;19/05/2017 00:00;264;4
HANAR;P65;19/05/2017 00:00;21;36
HANAR;P71;19/05/2017 00:00;22;9
HANAR;P18;26/08/2017 00:00;63;20
HANAR;P36;26/08/2017 00:00;19;15
HANAR;P56;02/10/2017 00:00;38;20
HANAR;P77;02/10/2017 00:00;13;30
HANAR;P11;09/12/2017 00:00;21;15
HANAR;P31;18/12/2017 00:00;13;10
HANAR;P38;18/12/2017 00:00;264;5
HANAR;P10;13/02/2018 00:00;31;70
HANAR;P31;13/02/2018 00:00;13;35
HANAR;P77;13/02/2018 00:00;13;40
HANAR;P13;24/02/2018 00:00;6;40
HANAR;P65;24/02/2018 00:00;21;21
HANAR;P68;24/02/2018 00:00;13;20
HANAR;P17;03/03/2018 00:00;39;15
HANAR;P24;03/03/2018 00:00;5;35
HANAR;P36;04/03/2018 00:00;19;25
HANAR;P52;04/03/2018 00:00;7;12
HANAR;P38;27/03/2018 00:00;264;60
HANAR;P19;14/04/2018 00:00;9;35
HANAR;P69;14/04/2018 00:00;36;30
HANAR;P43;27/04/2018 00:00;46;30
HANAR;P61;27/04/2018 00:00;29;10
HILAA;P27;16/07/2016 00:00;35;25
HILAA;P39;16/07/2016 00:00;14;6
HILAA;P77;16/07/2016 00:00;10;15
HILAA;P46;26/12/2016 00:00;10;28
HILAA;P53;26/12/2016 00:00;26;70
HILAA;P69;26/12/2016 00:00;29;8
HILAA;P55;17/03/2017 00:00;19;2
HILAA;P70;17/03/2017 00:00;12;12
HILAA;P11;26/03/2017 00:00;17;5
HILAA;P51;26/03/2017 00:00;42;25
HILAA;P74;26/03/2017 00:00;8;16
HILAA;P59;31/03/2017 00:00;44;60
HILAA;P68;31/03/2017 00:00;10;30
HILAA;P75;31/03/2017 00:00;6;36
HILAA;P24;07/04/2017 00:00;5;14
HILAA;P40;07/04/2017 00:00;18;5
HILAA;P42;07/04/2017 00:00;14;30
HILAA;P69;29/05/2017 00:00;36;18
HILAA;P75;29/05/2017 00:00;8;30
HILAA;P13;16/07/2017 00:00;6;60
HILAA;P59;16/07/2017 00:00;55;35
HILAA;P13;29/07/2017 00:00;6;8
HILAA;P75;29/07/2017 00:00;8;40
HILAA;P2;22/08/2017 00:00;19;50
HILAA;P40;22/08/2017 00:00;18;60
HILAA;P31;15/10/2017 00:00;13;20
HILAA;P32;15/10/2017 00:00;32;4
HILAA;P26;25/12/2017 00:00;31;21
HILAA;P44;25/12/2017 00:00;19;10
HILAA;P64;25/12/2017 00:00;33;35
HILAA;P69;25/12/2017 00:00;36;24
HILAA;P1;02/02/2018 00:00;18;20
HILAA;P58;02/02/2018 00:00;13;12
HILAA;P41;23/02/2018 00:00;10;30
HILAA;P71;23/02/2018 00:00;22;30
HILAA;P30;18/03/2018 00:00;26;30
HILAA;P35;18/03/2018 00:00;18;40
HILAA;P64;18/03/2018 00:00;33;8
HILAA;P24;19/03/2018 00:00;5;10
HILAA;P41;19/03/2018 00:00;10;24
HILAA;P28;25/03/2018 00:00;46;20
HILAA;P24;28/04/2018 00:00;5;15
HILAA;P25;28/04/2018 00:00;14;15
HILAA;P51;28/04/2018 00:00;53;20
HILAA;P57;28/04/2018 00:00;20;20
HUNGC;P14;06/12/2016 00:00;19;15
HUNGC;P54;06/12/2016 00:00;6;10
HUNGC;P13;25/12/2016 00:00;5;10
HUNGC;P62;25/12/2016 00:00;39;10
HUNGC;P17;15/01/2017 00:00;31;2
HUNGC;P33;15/01/2017 00:00;2;20
HUNGC;P54;16/07/2017 00:00;7;4
HUNGC;P73;16/07/2017 00:00;15;30
HUNGC;P20;08/09/2017 00:00;81;21
HUNGO;P2;05/09/2016 00:00;15;40
HUNGO;P36;05/09/2016 00:00;15;40
HUNGO;P59;05/09/2016 00:00;44;30
HUNGO;P62;05/09/2016 00:00;39;15
HUNGO;P4;19/09/2016 00:00;18;20
HUNGO;P6;19/09/2016 00:00;20;30
HUNGO;P42;19/09/2016 00:00;11;2
HUNGO;P43;19/09/2016 00:00;37;20
HUNGO;P71;19/09/2016 00:00;17;3
HUNGO;P2;22/10/2016 00:00;15;7
HUNGO;P31;22/10/2016 00:00;10;25
HUNGO;P32;22/10/2016 00:00;26;6
HUNGO;P51;22/10/2016 00:00;42;48
HUNGO;P58;05/12/2016 00:00;11;80
HUNGO;P71;05/12/2016 00:00;17;50
HUNGO;P30;12/12/2016 00:00;21;18
HUNGO;P53;12/12/2016 00:00;26;20
HUNGO;P60;12/12/2016 00:00;27;6
HUNGO;P70;12/12/2016 00:00;12;30
HUNGO;P50;29/01/2017 00:00;13;40
HUNGO;P63;29/01/2017 00:00;35;35
HUNGO;P14;11/04/2017 00:00;23;70
HUNGO;P65;11/04/2017 00:00;21;20
HUNGO;P18;24/04/2017 00:00;63;25
HUNGO;P41;24/04/2017 00:00;10;80
HUNGO;P42;24/04/2017 00:00;14;20
HUNGO;P31;12/06/2017 00:00;13;60
HUNGO;P51;12/06/2017 00:00;53;3
HUNGO;P59;12/06/2017 00:00;55;40
HUNGO;P1;27/08/2017 00:00;18;15
HUNGO;P10;27/08/2017 00:00;31;18
HUNGO;P71;27/08/2017 00:00;22;30
HUNGO;P77;27/08/2017 00:00;13;35
HUNGO;P39;09/09/2017 00:00;18;3
HUNGO;P58;09/09/2017 00:00;13;49
HUNGO;P9;30/09/2017 00:00;97;50
HUNGO;P29;30/09/2017 00:00;124;10
HUNGO;P36;30/09/2017 00:00;19;6
HUNGO;P59;13/10/2017 00:00;55;42
HUNGO;P71;13/10/2017 00:00;22;20
HUNGO;P76;13/10/2017 00:00;18;35
HUNGO;P53;21/10/2017 00:00;33;3
HUNGO;P56;21/10/2017 00:00;38;30
HUNGO;P65;11/11/2017 00:00;21;40
HUNGO;P75;11/11/2017 00:00;8;20
HUNGO;P29;19/02/2018 00:00;124;80
HUNGO;P30;19/02/2018 00:00;26;36
HUNGO;P11;26/02/2018 00:00;21;40
HUNGO;P29;26/02/2018 00:00;124;60
HUNGO;P16;30/03/2018 00:00;17;36
HUNGO;P18;30/03/2018 00:00;63;8
HUNGO;P32;30/03/2018 00:00;32;35
HUNGO;P34;30/04/2018 00:00;14;30
HUNGO;P40;30/04/2018 00:00;18;40
HUNGO;P41;30/04/2018 00:00;10;30
ISLAT;P34;26/09/2016 00:00;11;14
ISLAT;P70;26/09/2016 00:00;12;30
ISLAT;P41;01/10/2016 00:00;8;20
ISLAT;P76;01/10/2016 00:00;14;6
ISLAT;P35;03/10/2016 00:00;14;10
ISLAT;P33;13/03/2017 00:00;2;12
ISLAT;P71;13/03/2017 00:00;17;12
ISLAT;P19;05/08/2017 00:00;9;5
ISLAT;P23;05/08/2017 00:00;9;10
ISLAT;P70;05/08/2017 00:00;15;20
ISLAT;P71;05/08/2017 00:00;22;15
ISLAT;P23;18/09/2017 00:00;9;5
ISLAT;P56;20/11/2017 00:00;38;15
ISLAT;P59;20/11/2017 00:00;55;6
ISLAT;P76;20/11/2017 00:00;18;10
ISLAT;P62;26/12/2017 00:00;49;2
ISLAT;P72;26/12/2017 00:00;35;10
ISLAT;P2;13/01/2018 00:00;19;10
ISLAT;P8;13/01/2018 00:00;40;20
ISLAT;P13;13/01/2018 00:00;6;10
ISLAT;P60;13/01/2018 00:00;34;21
ISLAT;P53;06/03/2018 00:00;33;2
ISLAT;P61;06/03/2018 00:00;29;30
KOENE;P15;07/10/2016 00:00;12;5
KOENE;P25;07/10/2016 00:00;11;4
KOENE;P39;07/10/2016 00:00;14;4
KOENE;P6;09/10/2016 00:00;20;6
KOENE;P13;09/10/2016 00:00;5;12
KOENE;P14;09/10/2016 00:00;19;9
KOENE;P31;09/10/2016 00:00;10;4
KOENE;P72;09/10/2016 00:00;28;40
KOENE;P59;25/02/2017 00:00;44;36
KOENE;P21;25/02/2017 00:00;8;40
KOENE;P49;25/02/2017 00:00;16;21
KOENE;P30;07/03/2017 00:00;21;8
KOENE;P43;07/03/2017 00:00;37;15
KOENE;P25;15/04/2017 00:00;14;18
KOENE;P70;15/04/2017 00:00;15;14
KOENE;P11;20/05/2017 00:00;21;15
KOENE;P54;20/05/2017 00:00;7;24
KOENE;P55;13/08/2017 00:00;24;12
KOENE;P76;13/08/2017 00:00;18;35
KOENE;P12;27/10/2017 00:00;38;36
KOENE;P16;27/10/2017 00:00;17;20
KOENE;P36;27/10/2017 00:00;19;40
KOENE;P62;27/10/2017 00:00;49;20
KOENE;P13;26/12/2017 00:00;6;20
KOENE;P24;26/12/2017 00:00;5;20
KOENE;P59;26/12/2017 00:00;55;25
KOENE;P26;06/01/2018 00:00;31;40
KOENE;P38;06/01/2018 00:00;264;30
KOENE;P40;06/01/2018 00:00;18;60
KOENE;P62;06/01/2018 00:00;49;25
KOENE;P3;23/01/2018 00:00;10;49
KOENE;P26;23/01/2018 00:00;31;18
KOENE;P8;18/02/2018 00:00;40;30
KOENE;P24;18/02/2018 00:00;5;10
KOENE;P29;18/02/2018 00:00;124;24
KOENE;P30;18/02/2018 00:00;26;35
KOENE;P36;18/02/2018 00:00;19;20
KOENE;P55;16/04/2018 00:00;24;35
KOENE;P59;16/04/2018 00:00;55;24
LACOR;P7;29/01/2018 00:00;30;5
LACOR;P27;29/01/2018 00:00;44;10
LACOR;P70;29/01/2018 00:00;15;4
LACOR;P20;05/03/2018 00:00;81;5
LACOR;P52;05/03/2018 00:00;7;5
LACOR;P76;05/03/2018 00:00;18;20
LACOR;P17;24/03/2018 00:00;39;6
LACOR;P33;24/03/2018 00:00;3;7
LACOR;P26;24/03/2018 00:00;31;5
LACOR;P41;24/03/2018 00:00;10;6
LACOR;P75;24/03/2018 00:00;8;10
LAMAI;P50;11/11/2016 00:00;13;15
LAMAI;P69;11/11/2016 00:00;29;18
LAMAI;P24;20/11/2016 00:00;4;10
LAMAI;P34;20/11/2016 00:00;11;10
LAMAI;P36;20/11/2016 00:00;15;20
LAMAI;P36;03/12/2016 00:00;15;6
LAMAI;P1;14/01/2017 00:00;14;24
LAMAI;P62;14/01/2017 00:00;39;40
LAMAI;P76;14/01/2017 00:00;14;14
LAMAI;P55;24/01/2017 00:00;19;10
LAMAI;P76;24/01/2017 00:00;14;20
LAMAI;P16;21/02/2017 00:00;14;20
LAMAI;P33;21/02/2017 00:00;2;20
LAMAI;P46;21/02/2017 00:00;10;10
LAMAI;P65;02/04/2017 00:00;17;15
LAMAI;P66;02/04/2017 00:00;14;10
LAMAI;P69;02/04/2017 00:00;29;10
LAMAI;P15;09/04/2017 00:00;16;12
LAMAI;P28;09/04/2017 00:00;46;8
LAMAI;P36;25/07/2017 00:00;19;21
LAMAI;P75;14/08/2017 00:00;8;8
LAMAI;P2;19/12/2017 00:00;19;15
LAMAI;P29;19/12/2017 00:00;124;20
LAMAI;P13;14/01/2018 00:00;6;3
LAMAI;P25;14/01/2018 00:00;14;10
LAMAI;P44;14/01/2018 00:00;19;16
LAMAI;P64;14/01/2018 00:00;33;3
LAMAI;P42;03/03/2018 00:00;14;10
LAMAI;P43;03/03/2018 00:00;46;10
LAMAI;P67;03/03/2018 00:00;14;24
LAMAI;P24;27/04/2018 00:00;5;10
LAUGB;P23;03/04/2017 00:00;7;10
LAUGB;P41;03/04/2017 00:00;8;20
LAUGB;P77;03/04/2017 00:00;10;5
LAUGB;P24;05/08/2017 00:00;5;5
LAUGB;P52;05/08/2017 00:00;7;5
LAUGB;P13;01/01/2018 00:00;6;7
LAUGB;P25;01/01/2018 00:00;14;5
LAUGB;P70;01/01/2018 00:00;15;5
LAZYK;P40;21/03/2017 00:00;15;10
LAZYK;P11;22/05/2017 00:00;21;10
LEHMS;P17;13/08/2016 00:00;31;15
LEHMS;P27;19/08/2016 00:00;35;15
LEHMS;P44;19/08/2016 00:00;16;21
LEHMS;P60;19/08/2016 00:00;27;20
LEHMS;P67;19/08/2016 00:00;11;5
LEHMS;P64;31/10/2016 00:00;27;50
LEHMS;P68;31/10/2016 00:00;10;4
LEHMS;P76;31/10/2016 00:00;14;15
LEHMS;P56;04/04/2017 00:00;30;14
LEHMS;P72;04/04/2017 00:00;28;25
LEHMS;P77;04/04/2017 00:00;10;25
LEHMS;P1;30/04/2017 00:00;18;40
LEHMS;P8;30/04/2017 00:00;40;24
LEHMS;P30;30/04/2017 00:00;26;20
LEHMS;P40;30/04/2017 00:00;18;25
LEHMS;P30;12/05/2017 00:00;26;10
LEHMS;P40;12/05/2017 00:00;18;10
LEHMS;P54;12/05/2017 00:00;7;10
LEHMS;P12;14/05/2017 00:00;38;15
LEHMS;P31;14/05/2017 00:00;13;20
LEHMS;P33;14/05/2017 00:00;3;30
LEHMS;P60;14/05/2017 00:00;34;35
LEHMS;P64;03/06/2017 00:00;33;30
LEHMS;P75;03/06/2017 00:00;8;20
LEHMS;P15;08/07/2017 00:00;16;25
LEHMS;P26;08/07/2017 00:00;31;5
LEHMS;P20;09/07/2017 00:00;81;21
LEHMS;P69;09/07/2017 00:00;36;20
LEHMS;P76;09/07/2017 00:00;18;4
LEHMS;P29;10/12/2017 00:00;124;18
LEHMS;P59;10/12/2017 00:00;55;25
LEHMS;P11;30/01/2018 00:00;21;25
LEHMS;P52;30/01/2018 00:00;7;8
LEHMS;P30;17/02/2018 00:00;26;15
LEHMS;P6;09/03/2018 00:00;25;20
LEHMS;P1;05/05/2018 00:00;18;40
LEHMS;P2;05/05/2018 00:00;19;20
LEHMS;P16;05/05/2018 00:00;17;30
LEHMS;P31;05/05/2018 00:00;13;20
LETSS;P15;25/06/2017 00:00;16;10
LETSS;P75;25/06/2017 00:00;8;21
LETSS;P18;27/10/2017 00:00;63;12
LETSS;P30;27/10/2017 00:00;26;3
LETSS;P54;27/10/2017 00:00;7;40
LETSS;P61;10/11/2017 00:00;29;20
LETSS;P77;10/11/2017 00:00;13;2
LETSS;P21;12/02/2018 00:00;10;40
LETSS;P56;12/02/2018 00:00;38;21
LETSS;P65;12/02/2018 00:00;21;12
LILAS;P15;16/08/2016 00:00;12;20
LILAS;P19;16/08/2016 00:00;7;18
LILAS;P60;16/08/2016 00:00;27;35
LILAS;P72;16/08/2016 00:00;28;3
LILAS;P11;03/09/2016 00:00;17;12
LILAS;P16;03/09/2016 00:00;14;30
LILAS;P69;03/09/2016 00:00;29;15
LILAS;P26;16/10/2016 00:00;25;50
LILAS;P72;16/10/2016 00:00;28;25
LILAS;P10;19/11/2016 00:00;25;30
LILAS;P26;19/11/2016 00:00;25;16
LILAS;P60;19/11/2016 00:00;27;8
LILAS;P74;12/12/2016 00:00;8;14
LILAS;P21;28/02/2017 00:00;8;40
LILAS;P30;28/02/2017 00:00;21;28
LILAS;P55;28/02/2017 00:00;19;60
LILAS;P28;08/04/2017 00:00;46;20
LILAS;P49;08/04/2017 00:00;20;25
LILAS;P12;21/05/2017 00:00;38;30
LILAS;P23;21/05/2017 00:00;9;70
LILAS;P70;16/12/2017 00:00;15;35
LILAS;P77;16/12/2017 00:00;13;15
LILAS;P11;09/01/2018 00:00;21;20
LILAS;P57;09/01/2018 00:00;20;15
LILAS;P59;09/01/2018 00:00;55;40
LILAS;P77;09/01/2018 00:00;13;15
LILAS;P39;20/02/2018 00:00;18;8
LILAS;P32;03/04/2018 00:00;32;50
LILAS;P46;03/04/2018 00:00;12;20
LILAS;P52;03/04/2018 00:00;7;20
LILAS;P30;01/05/2018 00:00;26;4
LILAS;P54;01/05/2018 00:00;7;20
LILAS;P7;05/05/2018 00:00;30;15
LILAS;P13;05/05/2018 00:00;6;10
LINOD;P3;06/01/2017 00:00;8;50
LINOD;P2;25/03/2017 00:00;15;20
LINOD;P3;25/03/2017 00:00;8;20
LINOD;P55;25/03/2017 00:00;19;30
LINOD;P70;25/03/2017 00:00;12;60
LINOD;P45;20/08/2017 00:00;10;20
LINOD;P65;20/08/2017 00:00;21;21
LINOD;P72;20/08/2017 00:00;35;60
LINOD;P19;08/10/2017 00:00;9;7
LINOD;P35;08/10/2017 00:00;18;9
LINOD;P58;08/10/2017 00:00;13;30
LINOD;P70;08/10/2017 00:00;15;30
LINOD;P1;04/11/2017 00:00;18;50
LINOD;P21;04/11/2017 00:00;10;30
LINOD;P50;04/11/2017 00:00;16;40
LINOD;P19;02/01/2018 00:00;9;15
LINOD;P23;02/01/2018 00:00;9;18
LINOD;P40;02/01/2018 00:00;18;30
LINOD;P1;19/01/2018 00:00;18;4
LINOD;P18;19/01/2018 00:00;63;25
LINOD;P36;19/01/2018 00:00;19;50
LINOD;P25;19/01/2018 00:00;14;6
LINOD;P39;19/01/2018 00:00;18;10
LINOD;P16;02/03/2018 00:00;17;24
LINOD;P25;02/03/2018 00:00;14;24
LINOD;P40;02/03/2018 00:00;18;20
LINOD;P16;17/03/2018 00:00;17;28
LINOD;P31;17/03/2018 00:00;13;25
LINOD;P45;17/03/2018 00:00;10;30
LINOD;P60;17/03/2018 00:00;34;24
LINOD;P41;10/04/2018 00:00;10;28
LINOD;P28;21/04/2018 00:00;46;20
LINOD;P35;21/04/2018 00:00;18;24
LINOD;P49;21/04/2018 00:00;20;60
LINOD;P57;21/04/2018 00:00;20;28
LONEP;P62;17/09/2016 00:00;39;10
LONEP;P68;17/09/2016 00:00;10;3
LONEP;P1;30/09/2016 00:00;14;20
LONEP;P28;21/05/2017 00:00;46;7
LONEP;P67;21/05/2017 00:00;14;7
LONEP;P68;09/09/2017 00:00;13;10
LONEP;P51;11/09/2017 00:00;53;20
LONEP;P59;11/09/2017 00:00;55;1
LONEP;P76;11/09/2017 00:00;18;10
LONEP;P53;03/02/2018 00:00;33;3
LONEP;P24;12/02/2018 00:00;5;8
LONEP;P12;13/04/2018 00:00;38;20
LONEP;P18;13/04/2018 00:00;63;10
LONEP;P56;13/04/2018 00:00;38;5
MAGAA;P24;07/08/2016 00:00;4;12
MAGAA;P59;07/08/2016 00:00;44;6
MAGAA;P66;09/09/2016 00:00;14;30
MAGAA;P68;09/09/2016 00:00;10;20
MAGAA;P26;03/01/2017 00:00;25;30
MAGAA;P42;03/01/2017 00:00;11;40
MAGAA;P49;03/01/2017 00:00;16;30
MAGAA;P24;06/03/2017 00:00;4;28
MAGAA;P25;06/03/2017 00:00;11;12
MAGAA;P4;18/08/2017 00:00;22;10
MAGAA;P5;18/08/2017 00:00;21;15
MAGAA;P22;18/08/2017 00:00;21;40
MAGAA;P40;25/11/2017 00:00;18;3
MAGAA;P36;18/12/2017 00:00;19;30
MAGAA;P39;18/12/2017 00:00;18;2
MAGAA;P72;18/12/2017 00:00;35;30
MAGAA;P32;07/01/2018 00:00;32;20
MAGAA;P41;07/01/2018 00:00;10;20
MAGAA;P2;10/03/2018 00:00;19;10
MAGAA;P67;10/03/2018 00:00;14;40
MAGAA;P4;16/03/2018 00:00;22;5
MAISD;P55;07/05/2017 00:00;24;14
MAISD;P68;07/05/2017 00:00;13;20
MAISD;P69;07/05/2017 00:00;36;10
MAISD;P28;28/08/2017 00:00;46;20
MAISD;P72;28/08/2017 00:00;35;15
MAISD;P25;01/12/2017 00:00;14;12
MAISD;P27;01/12/2017 00:00;44;40
MAISD;P43;01/12/2017 00:00;46;30
MAISD;P59;17/02/2018 00:00;55;40
MAISD;P45;19/02/2018 00:00;10;15
MAISD;P56;19/02/2018 00:00;38;16
MAISD;P8;26/03/2018 00:00;40;20
MAISD;P21;26/03/2018 00:00;10;40
MAISD;P40;26/03/2018 00:00;18;10
MAISD;P44;26/03/2018 00:00;19;6
MAISD;P26;07/04/2018 00:00;31;6
MAISD;P76;07/04/2018 00:00;18;6
MEREP;P18;17/10/2016 00:00;50;40
MEREP;P42;17/10/2016 00:00;11;10
MEREP;P47;17/10/2016 00:00;8;16
MEREP;P4;28/10/2016 00:00;18;10
MEREP;P17;28/10/2016 00:00;31;70
MEREP;P62;28/10/2016 00:00;39;28
MEREP;P31;09/12/2016 00:00;10;42
MEREP;P35;23/01/2017 00:00;14;60
MEREP;P38;23/01/2017 00:00;211;49
MEREP;P68;23/01/2017 00:00;10;30
MEREP;P12;07/02/2017 00:00;30;15
MEREP;P16;07/02/2017 00:00;14;16
MEREP;P64;07/02/2017 00:00;27;6
MEREP;P74;07/02/2017 00:00;8;30
MEREP;P62;14/04/2017 00:00;49;3
MEREP;P24;11/06/2017 00:00;5;25
MEREP;P64;11/06/2017 00:00;33;18
MEREP;P11;17/06/2017 00:00;21;15
MEREP;P56;17/06/2017 00:00;38;60
MEREP;P1;07/07/2017 00:00;18;20
MEREP;P77;07/07/2017 00:00;13;60
MEREP;P16;21/07/2017 00:00;17;30
MEREP;P59;21/07/2017 00:00;55;20
MEREP;P60;21/07/2017 00:00;34;70
MEREP;P71;21/07/2017 00:00;22;15
MEREP;P6;01/08/2017 00:00;25;70
MEREP;P56;01/08/2017 00:00;38;20
MEREP;P68;01/08/2017 00:00;13;15
MEREP;P21;04/08/2017 00:00;10;42
MEREP;P22;04/08/2017 00:00;21;40
MEREP;P10;30/10/2017 00:00;31;16
MEREP;P61;30/10/2017 00:00;29;5
MORGK;P28;09/08/2016 00:00;36;20
MORGK;P62;09/08/2016 00:00;39;12
MORGK;P59;20/06/2017 00:00;55;12
MORGK;P63;20/06/2017 00:00;44;6
MORGK;P72;20/06/2017 00:00;35;30
MORGK;P76;20/06/2017 00:00;18;10
MORGK;P47;09/10/2017 00:00;10;12
MORGK;P16;16/12/2017 00:00;17;20
MORGK;P62;16/12/2017 00:00;49;20
MORGK;P13;12/03/2018 00:00;6;20
MORGK;P31;12/03/2018 00:00;13;10
NORTS;P52;24/04/2017 00:00;7;6
NORTS;P59;24/04/2017 00:00;55;4
NORTS;P70;24/04/2017 00:00;15;6
NORTS;P1;24/11/2017 00:00;18;8
NORTS;P69;24/11/2017 00:00;36;3
NORTS;P70;29/04/2018 00:00;15;3
OCEAN;P14;09/01/2017 00:00;19;12
OCEAN;P21;09/01/2017 00:00;8;12
OCEAN;P59;08/05/2017 00:00;55;2
OCEAN;P13;20/02/2018 00:00;6;5
OCEAN;P5;18/03/2018 00:00;21;20
OCEAN;P7;18/03/2018 00:00;30;6
OCEAN;P72;18/03/2018 00:00;35;5
OCEAN;P11;30/03/2018 00:00;21;30
OCEAN;P20;30/03/2018 00:00;81;15
OCEAN;P76;30/03/2018 00:00;18;10
OCEAN;P77;30/03/2018 00:00;13;15
OLDWO;P18;13/09/2016 00:00;50;25
OLDWO;P29;13/09/2016 00:00;99;25
OLDWO;P39;13/09/2016 00:00;14;30
OLDWO;P17;25/10/2016 00:00;31;20
OLDWO;P30;25/10/2016 00:00;21;15
OLDWO;P27;10/02/2017 00:00;35;50
OLDWO;P52;09/07/2017 00:00;7;24
OLDWO;P58;09/07/2017 00:00;13;30
OLDWO;P16;24/09/2017 00:00;17;50
OLDWO;P31;24/09/2017 00:00;13;20
OLDWO;P42;24/09/2017 00:00;14;40
OLDWO;P16;16/10/2017 00:00;17;20
OLDWO;P43;16/10/2017 00:00;46;24
OLDWO;P59;16/10/2017 00:00;55;8
OLDWO;P56;01/01/2018 00:00;38;20
OLDWO;P76;01/01/2018 00:00;18;50
OLDWO;P16;27/01/2018 00:00;17;50
OLDWO;P31;27/01/2018 00:00;13;14
OLDWO;P56;27/01/2018 00:00;38;24
OLDWO;P65;27/01/2018 00:00;21;15
OLDWO;P51;20/03/2018 00:00;53;16
OLDWO;P21;20/04/2018 00:00;10;15
OLDWO;P44;20/04/2018 00:00;19;12
OLDWO;P61;20/04/2018 00:00;29;6
OTTIK;P41;19/07/2016 00:00;8;16
OTTIK;P57;19/07/2016 00:00;16;50
OTTIK;P62;19/07/2016 00:00;39;15
OTTIK;P70;19/07/2016 00:00;12;21
OTTIK;P11;07/01/2017 00:00;17;30
OTTIK;P69;07/01/2017 00:00;29;15
OTTIK;P71;07/01/2017 00:00;17;15
OTTIK;P13;16/04/2017 00:00;6;10
OTTIK;P39;16/04/2017 00:00;18;10
OTTIK;P16;30/05/2017 00:00;17;30
OTTIK;P23;30/05/2017 00:00;9;20
OTTIK;P62;30/05/2017 00:00;49;20
OTTIK;P77;30/05/2017 00:00;13;10
OTTIK;P14;26/06/2017 00:00;23;15
OTTIK;P41;26/06/2017 00:00;10;9
OTTIK;P65;26/06/2017 00:00;21;30
OTTIK;P40;26/09/2017 00:00;18;20
OTTIK;P47;26/09/2017 00:00;10;40
OTTIK;P60;26/09/2017 00:00;34;30
OTTIK;P2;05/12/2017 00:00;19;40
OTTIK;P7;05/12/2017 00:00;30;35
OTTIK;P68;05/12/2017 00:00;13;40
OTTIK;P7;15/01/2018 00:00;30;20
OTTIK;P31;15/01/2018 00:00;13;9
OTTIK;P53;15/01/2018 00:00;33;9
OTTIK;P41;03/04/2018 00:00;10;20
OTTIK;P51;03/04/2018 00:00;53;15
OTTIK;P77;03/04/2018 00:00;13;21
OTTIK;P10;14/04/2018 00:00;31;24
PERIC;P52;04/10/2016 00:00;6;20
PERIC;P1;14/11/2016 00:00;14;12
PERIC;P29;14/11/2016 00:00;99;4
PERIC;P14;13/03/2017 00:00;19;12
PERIC;P28;13/03/2017 00:00;36;18
PERIC;P40;13/03/2017 00:00;15;21
PERIC;P75;13/03/2017 00:00;6;10
PERIC;P45;10/04/2017 00:00;10;21
PERIC;P53;10/04/2017 00:00;33;6
PERIC;P67;10/04/2017 00:00;14;30
PERIC;P51;02/04/2018 00:00;53;20
PERIC;P60;02/04/2018 00:00;34;4
PERIC;P11;05/05/2018 00:00;21;10
PERIC;P24;05/05/2018 00:00;5;20
PICCO;P11;13/11/2016 00:00;17;12
PICCO;P38;13/11/2016 00:00;211;50
PICCO;P69;24/12/2016 00:00;29;50
PICCO;P14;27/01/2017 00:00;19;35
PICCO;P11;28/03/2017 00:00;17;15
PICCO;P16;28/03/2017 00:00;14;18
PICCO;P17;08/05/2017 00:00;39;40
PICCO;P43;08/05/2017 00:00;46;25
PICCO;P61;08/05/2017 00:00;29;20
PICCO;P76;08/05/2017 00:00;18;50
PICCO;P24;11/07/2017 00:00;5;35
PICCO;P57;11/07/2017 00:00;20;20
PICCO;P65;11/07/2017 00:00;21;12
PICCO;P17;30/09/2017 00:00;39;30
PICCO;P26;30/09/2017 00:00;31;15
PICCO;P31;19/11/2017 00:00;13;8
PICCO;P41;19/11/2017 00:00;10;35
PICCO;P63;19/11/2017 00:00;44;9
PICCO;P69;19/11/2017 00:00;36;30
PICCO;P22;21/01/2018 00:00;21;35
PICCO;P18;27/04/2018 00:00;63;35
PICCO;P32;27/04/2018 00:00;32;20
PICCO;P64;27/04/2018 00:00;33;25
PRINI;P4;23/10/2016 00:00;18;18
PRINI;P21;27/12/2016 00:00;8;10
PRINI;P51;27/12/2016 00:00;42;18
PRINI;P56;03/02/2017 00:00;30;28
PRINI;P1;17/03/2017 00:00;14;15
PRINI;P21;17/03/2017 00:00;8;21
PRINI;P39;17/03/2017 00:00;14;20
PRINI;P8;08/04/2018 00:00;40;30
PRINI;P29;08/04/2018 00:00;124;10
PRINI;P42;08/04/2018 00:00;14;14
QUEDE;P21;19/07/2016 00:00;8;20
QUEDE;P35;19/07/2016 00:00;14;20
QUEDE;P13;27/08/2016 00:00;5;20
QUEDE;P44;27/08/2016 00:00;16;24
QUEDE;P51;27/08/2016 00:00;42;2
QUEDE;P41;11/12/2016 00:00;8;8
QUEDE;P63;11/12/2016 00:00;35;16
QUEDE;P65;11/12/2016 00:00;17;20
QUEDE;P19;21/01/2017 00:00;7;4
QUEDE;P26;21/01/2017 00:00;25;30
QUEDE;P53;21/01/2017 00:00;26;15
QUEDE;P77;21/01/2017 00:00;10;10
QUEDE;P26;02/07/2017 00:00;31;6
QUEDE;P35;02/07/2017 00:00;18;20
QUEDE;P77;02/07/2017 00:00;13;20
QUEDE;P19;27/08/2017 00:00;9;30
QUEDE;P39;27/08/2017 00:00;18;20
QUEDE;P35;28/10/2017 00:00;18;21
QUEDE;P71;28/10/2017 00:00;22;8
QUEDE;P14;24/12/2017 00:00;23;15
QUEDE;P54;24/12/2017 00:00;7;6
QUEDE;P6;31/03/2018 00:00;25;40
QUEDE;P11;31/03/2018 00:00;21;15
QUEDE;P41;31/03/2018 00:00;10;4
QUEEN;P20;04/12/2016 00:00;65;12
QUEEN;P38;04/12/2016 00:00;211;40
QUEEN;P60;04/12/2016 00:00;27;70
QUEEN;P72;04/12/2016 00:00;28;42
QUEEN;P1;07/01/2017 00:00;14;10
QUEEN;P21;07/01/2017 00:00;8;30
QUEEN;P28;07/01/2017 00:00;36;42
QUEEN;P36;07/01/2017 00:00;15;5
QUEEN;P40;07/01/2017 00:00;15;2
QUEEN;P19;26/03/2017 00:00;7;5
QUEEN;P26;26/03/2017 00:00;25;30
QUEEN;P54;26/03/2017 00:00;6;24
QUEEN;P11;19/08/2017 00:00;21;10
QUEEN;P50;19/08/2017 00:00;16;25
QUEEN;P56;19/08/2017 00:00;38;60
QUEEN;P31;05/09/2017 00:00;13;20
QUEEN;P40;05/09/2017 00:00;18;24
QUEEN;P70;05/09/2017 00:00;15;40
QUEEN;P4;14/10/2017 00:00;22;6
QUEEN;P24;14/10/2017 00:00;5;35
QUEEN;P48;14/10/2017 00:00;13;24
QUEEN;P30;04/11/2017 00:00;26;15
QUEEN;P40;04/11/2017 00:00;18;6
QUEEN;P55;04/11/2017 00:00;24;12
QUEEN;P60;04/11/2017 00:00;34;15
QUEEN;P8;19/12/2017 00:00;40;30
QUEEN;P30;19/12/2017 00:00;26;15
QUEEN;P75;19/12/2017 00:00;8;42
QUEEN;P26;04/02/2018 00:00;31;20
QUEEN;P35;04/02/2018 00:00;18;30
QUEEN;P49;04/02/2018 00:00;20;42
QUEEN;P4;26/02/2018 00:00;22;30
QUEEN;P33;26/02/2018 00:00;3;40
QUEEN;P58;26/02/2018 00:00;13;15
QUEEN;P71;27/02/2018 00:00;22;25
QUEEN;P52;19/03/2018 00:00;7;6
QUEEN;P76;19/03/2018 00:00;18;60
QUEEN;P28;04/05/2018 00:00;46;8
QUEEN;P43;04/05/2018 00:00;46;36
QUEEN;P77;04/05/2018 00:00;13;28
QUICK;P10;05/08/2016 00:00;25;24
QUICK;P31;05/08/2016 00:00;10;15
QUICK;P33;05/08/2016 00:00;2;20
QUICK;P40;05/08/2016 00:00;15;60
QUICK;P76;05/08/2016 00:00;14;33
QUICK;P1;20/08/2016 00:00;14;45
QUICK;P40;20/08/2016 00:00;15;40
QUICK;P53;20/08/2016 00:00;26;36
QUICK;P35;21/08/2016 00:00;14;100
QUICK;P62;21/08/2016 00:00;39;40
QUICK;P36;24/09/2016 00:00;15;12
QUICK;P8;04/11/2016 00:00;32;70
QUICK;P19;04/11/2016 00:00;7;80
QUICK;P42;04/11/2016 00:00;11;9
QUICK;P39;22/11/2016 00:00;14;54
QUICK;P60;22/11/2016 00:00;27;55
QUICK;P2;17/01/2017 00:00;15;60
QUICK;P47;17/01/2017 00:00;8;55
QUICK;P61;17/01/2017 00:00;23;16
QUICK;P74;17/01/2017 00:00;8;15
QUICK;P55;19/02/2017 00:00;19;120
QUICK;P64;19/02/2017 00:00;27;35
QUICK;P65;19/02/2017 00:00;17;28
QUICK;P77;19/02/2017 00:00;10;55
QUICK;P9;23/04/2017 00:00;97;16
QUICK;P16;23/04/2017 00:00;17;50
QUICK;P27;23/04/2017 00:00;44;120
QUICK;P33;23/04/2017 00:00;3;16
QUICK;P60;23/04/2017 00:00;34;84
QUICK;P4;05/05/2017 00:00;22;50
QUICK;P36;05/05/2017 00:00;19;30
QUICK;P3;19/05/2017 00:00;10;60
QUICK;P26;19/05/2017 00:00;31;40
QUICK;P38;19/05/2017 00:00;264;30
QUICK;P68;19/05/2017 00:00;13;35
QUICK;P31;27/05/2017 00:00;13;55
QUICK;P45;27/05/2017 00:00;10;100
QUICK;P51;27/05/2017 00:00;53;48
QUICK;P18;03/07/2017 00:00;63;40
QUICK;P42;03/07/2017 00:00;14;100
QUICK;P21;05/09/2017 00:00;10;60
QUICK;P40;05/09/2017 00:00;18;70
QUICK;P60;05/09/2017 00:00;34;55
QUICK;P77;05/09/2017 00:00;13;70
QUICK;P1;03/10/2017 00:00;18;30
QUICK;P29;03/10/2017 00:00;124;40
QUICK;P43;03/10/2017 00:00;46;40
QUICK;P44;03/10/2017 00:00;19;24
QUICK;P62;03/10/2017 00:00;49;48
QUICK;P7;06/10/2017 00:00;30;90
QUICK;P59;06/10/2017 00:00;55;25
QUICK;P70;06/10/2017 00:00;15;50
QUICK;P44;29/10/2017 00:00;19;50
QUICK;P18;18/11/2017 00:00;63;24
QUICK;P44;18/11/2017 00:00;19;16
QUICK;P59;18/11/2017 00:00;55;45
QUICK;P72;18/11/2017 00:00;35;7
QUICK;P65;04/12/2017 00:00;21;80
QUICK;P19;22/12/2017 00:00;9;50
QUICK;P75;22/12/2017 00:00;8;40
QUICK;P23;21/01/2018 00:00;9;70
QUICK;P35;21/01/2018 00:00;18;25
QUICK;P42;21/01/2018 00:00;14;42
QUICK;P58;21/01/2018 00:00;13;60
QUICK;P64;21/01/2018 00:00;33;48
QUICK;P38;02/02/2018 00:00;264;60
QUICK;P39;02/02/2018 00:00;18;80
QUICK;P20;10/02/2018 00:00;81;20
QUICK;P13;10/03/2018 00:00;6;20
QUICK;P43;10/03/2018 00:00;46;24
QUICK;P60;10/03/2018 00:00;34;49
QUICK;P71;10/03/2018 00:00;22;35
QUICK;P7;19/03/2018 00:00;30;45
QUICK;P13;19/03/2018 00:00;6;77
QUICK;P53;19/03/2018 00:00;33;20
QUICK;P69;19/03/2018 00:00;36;9
QUICK;P76;19/03/2018 00:00;18;44
QUICK;P2;01/04/2018 00:00;19;50
QUICK;P70;01/04/2018 00:00;15;20
QUICK;P76;01/04/2018 00:00;18;90
QUICK;P42;02/04/2018 00:00;14;40
QUICK;P2;14/04/2018 00:00;19;11
QUICK;P20;14/04/2018 00:00;81;15
QUICK;P26;14/04/2018 00:00;31;63
QUICK;P51;14/04/2018 00:00;53;44
QUICK;P72;14/04/2018 00:00;35;35
RANCH;P26;17/02/2017 00:00;25;6
RANCH;P40;17/02/2017 00:00;15;20
RANCH;P21;24/10/2017 00:00;10;5
RANCH;P51;24/10/2017 00:00;53;7
RANCH;P61;24/10/2017 00:00;29;10
RANCH;P20;13/01/2018 00:00;81;5
RANCH;P38;13/01/2018 00:00;264;2
RANCH;P16;27/02/2018 00:00;17;6
RANCH;P32;27/02/2018 00:00;32;6
RANCH;P57;27/02/2018 00:00;20;20
RANCH;P46;13/04/2018 00:00;12;3
RANCH;P49;13/04/2018 00:00;20;2
RATTC;P5;22/07/2016 00:00;17;12
RATTC;P7;22/07/2016 00:00;24;15
RATTC;P56;22/07/2016 00:00;30;2
RATTC;P20;02/08/2016 00:00;65;6
RATTC;P31;02/08/2016 00:00;10;40
RATTC;P72;02/08/2016 00:00;28;24
RATTC;P1;30/08/2016 00:00;14;18
RATTC;P17;30/08/2016 00:00;31;15
RATTC;P43;30/08/2016 00:00;37;15
RATTC;P60;30/08/2016 00:00;27;21
RATTC;P75;30/08/2016 00:00;6;6
RATTC;P32;25/09/2016 00:00;26;40
RATTC;P58;25/09/2016 00:00;11;30
RATTC;P62;25/09/2016 00:00;39;25
RATTC;P41;27/09/2016 00:00;8;10
RATTC;P62;27/09/2016 00:00;39;70
RATTC;P17;05/11/2016 00:00;31;36
RATTC;P56;05/11/2016 00:00;30;20
RATTC;P30;01/01/2017 00:00;21;18
RATTC;P56;01/01/2017 00:00;30;70
RATTC;P65;01/01/2017 00:00;17;20
RATTC;P71;01/01/2017 00:00;17;60
RATTC;P38;19/03/2017 00:00;211;30
RATTC;P53;19/03/2017 00:00;26;28
RATTC;P59;19/03/2017 00:00;44;60
RATTC;P64;19/03/2017 00:00;27;30
RATTC;P17;10/06/2017 00:00;39;16
RATTC;P31;10/06/2017 00:00;13;6
RATTC;P55;10/06/2017 00:00;24;25
RATTC;P31;16/06/2017 00:00;13;35
RATTC;P76;16/06/2017 00:00;18;30
RATTC;P27;14/07/2017 00:00;44;50
RATTC;P71;14/07/2017 00:00;22;9
RATTC;P25;02/12/2017 00:00;14;35
RATTC;P75;02/12/2017 00:00;8;18
RATTC;P56;07/01/2018 00:00;38;30
RATTC;P2;26/01/2018 00:00;19;15
RATTC;P17;26/01/2018 00:00;39;6
RATTC;P62;26/01/2018 00:00;49;50
RATTC;P11;16/02/2018 00:00;21;40
RATTC;P38;16/02/2018 00:00;264;40
RATTC;P7;31/03/2018 00:00;30;60
RATTC;P62;31/03/2018 00:00;49;40
RATTC;P4;06/04/2018 00:00;22;25
RATTC;P24;06/04/2018 00:00;5;30
RATTC;P77;06/04/2018 00:00;13;30
RATTC;P2;06/05/2018 00:00;19;24
RATTC;P3;06/05/2018 00:00;10;4
RATTC;P4;06/05/2018 00:00;22;1
RATTC;P6;06/05/2018 00:00;25;1
RATTC;P7;06/05/2018 00:00;30;1
RATTC;P8;06/05/2018 00:00;40;2
RATTC;P10;06/05/2018 00:00;31;1
RATTC;P12;06/05/2018 00:00;38;2
RATTC;P13;06/05/2018 00:00;6;4
RATTC;P14;06/05/2018 00:00;23;1
RATTC;P16;06/05/2018 00:00;17;2
RATTC;P20;06/05/2018 00:00;81;1
RATTC;P23;06/05/2018 00:00;9;2
RATTC;P32;06/05/2018 00:00;32;1
RATTC;P39;06/05/2018 00:00;18;2
RATTC;P41;06/05/2018 00:00;10;3
RATTC;P46;06/05/2018 00:00;12;3
RATTC;P52;06/05/2018 00:00;7;2
RATTC;P55;06/05/2018 00:00;24;2
RATTC;P60;06/05/2018 00:00;34;2
RATTC;P64;06/05/2018 00:00;33;2
RATTC;P66;06/05/2018 00:00;17;1
RATTC;P73;06/05/2018 00:00;15;2
RATTC;P75;06/05/2018 00:00;8;4
RATTC;P77;06/05/2018 00:00;13;2
REGGC;P54;23/08/2016 00:00;6;10
REGGC;P68;23/08/2016 00:00;10;3
REGGC;P46;28/01/2017 00:00;10;20
REGGC;P11;12/02/2017 00:00;17;6
REGGC;P28;12/02/2017 00:00;36;12
REGGC;P33;09/06/2017 00:00;3;20
REGGC;P62;09/06/2017 00:00;49;10
REGGC;P52;02/07/2017 00:00;7;4
REGGC;P41;03/09/2017 00:00;10;20
REGGC;P17;03/11/2017 00:00;39;20
REGGC;P56;03/11/2017 00:00;38;10
REGGC;P59;03/11/2017 00:00;55;10
REGGC;P31;02/01/2018 00:00;13;16
REGGC;P72;02/01/2018 00:00;35;40
REGGC;P77;02/01/2018 00:00;13;20
REGGC;P7;26/02/2018 00:00;30;20
REGGC;P52;26/02/2018 00:00;7;14
REGGC;P49;11/03/2018 00:00;20;28
REGGC;P7;09/04/2018 00:00;30;20
REGGC;P24;09/04/2018 00:00;5;10
REGGC;P53;30/04/2018 00:00;33;10
REGGC;P70;30/04/2018 00:00;15;12
RICAR;P16;22/08/2016 00:00;14;40
RICAR;P34;22/08/2016 00:00;11;20
RICAR;P46;22/08/2016 00:00;10;15
RICAR;P19;06/09/2016 00:00;7;15
RICAR;P70;06/09/2016 00:00;12;20
RICAR;P19;14/02/2017 00:00;7;40
RICAR;P65;14/02/2017 00:00;17;35
RICAR;P71;14/02/2017 00:00;17;2
RICAR;P49;20/03/2017 00:00;16;24
RICAR;P60;20/03/2017 00:00;27;40
RICAR;P36;10/06/2017 00:00;19;25
RICAR;P52;10/06/2017 00:00;7;70
RICAR;P2;06/08/2017 00:00;19;20
RICAR;P68;06/08/2017 00:00;13;18
RICAR;P22;28/08/2017 00:00;21;15
RICAR;P24;28/08/2017 00:00;5;15
RICAR;P2;05/01/2018 00:00;19;12
RICAR;P46;05/01/2018 00:00;12;35
RICAR;P2;26/01/2018 00:00;19;5
RICAR;P25;26/01/2018 00:00;14;10
RICAR;P57;26/01/2018 00:00;20;10
RICAR;P59;26/01/2018 00:00;55;42
RICAR;P16;09/02/2018 00:00;17;30
RICAR;P18;09/02/2018 00:00;63;25
RICAR;P13;29/04/2018 00:00;6;30
RICAR;P17;29/04/2018 00:00;39;12
RICAR;P60;29/04/2018 00:00;34;35
RICSU;P2;12/07/2016 00:00;15;20
RICSU;P16;12/07/2016 00:00;14;35
RICSU;P36;12/07/2016 00:00;15;25
RICSU;P59;12/07/2016 00:00;44;30
RICSU;P60;20/01/2017 00:00;27;60
RICSU;P69;20/01/2017 00:00;29;20
RICSU;P31;14/05/2017 00:00;13;30
RICSU;P51;14/05/2017 00:00;53;6
RICSU;P58;14/05/2017 00:00;13;20
RICSU;P72;14/05/2017 00:00;35;21
RICSU;P73;14/05/2017 00:00;15;9
RICSU;P29;12/09/2017 00:00;124;36
RICSU;P65;12/09/2017 00:00;21;10
RICSU;P26;24/11/2017 00:00;31;12
RICSU;P30;24/11/2017 00:00;26;30
RICSU;P50;24/11/2017 00:00;16;20
RICSU;P73;24/11/2017 00:00;15;15
RICSU;P26;28/11/2017 00:00;31;20
RICSU;P52;28/11/2017 00:00;7;60
RICSU;P70;28/11/2017 00:00;15;40
RICSU;P13;06/03/2018 00:00;6;42
RICSU;P57;06/03/2018 00:00;20;30
RICSU;P33;16/03/2018 00:00;3;15
RICSU;P41;16/03/2018 00:00;10;6
RICSU;P75;16/03/2018 00:00;8;50
RICSU;P53;17/04/2018 00:00;33;70
RICSU;P69;17/04/2018 00:00;36;36
RICSU;P2;06/05/2018 00:00;19;10
RICSU;P46;06/05/2018 00:00;12;30
RICSU;P76;06/05/2018 00:00;18;2
ROMEY;P19;14/08/2016 00:00;7;1
ROMEY;P24;14/08/2016 00:00;4;6
ROMEY;P35;14/08/2016 00:00;14;4
ROMEY;P30;15/08/2016 00:00;21;6
ROMEY;P57;15/08/2016 00:00;16;2
ROMEY;P30;16/09/2016 00:00;21;10
ROMEY;P53;16/09/2016 00:00;26;10
ROMEY;P54;16/09/2016 00:00;6;5
ROMEY;P30;02/03/2018 00:00;26;1
ROMEY;P60;02/03/2018 00:00;34;10
ROMEY;P23;09/04/2018 00:00;9;10
ROMEY;P42;09/04/2018 00:00;14;4
ROMEY;P45;09/04/2018 00:00;10;20
ROMEY;P68;09/04/2018 00:00;13;2
SANTG;P24;18/12/2016 00:00;4;15
SANTG;P28;18/12/2016 00:00;36;6
SANTG;P59;18/12/2016 00:00;44;12
SANTG;P71;18/12/2016 00:00;17;15
SANTG;P24;29/04/2017 00:00;5;8
SANTG;P53;29/04/2017 00:00;33;5
SANTG;P18;20/08/2017 00:00;63;8
SANTG;P19;14/01/2018 00:00;9;2
SANTG;P35;14/01/2018 00:00;18;8
SANTG;P38;14/01/2018 00:00;264;8
SANTG;P43;14/01/2018 00:00;46;9
SANTG;P7;26/02/2018 00:00;30;12
SANTG;P16;26/02/2018 00:00;17;15
SANTG;P41;26/02/2018 00:00;10;5
SANTG;P30;10/04/2018 00:00;26;15
SANTG;P77;10/04/2018 00:00;13;18
SAVEA;P16;08/10/2016 00:00;14;21
SAVEA;P35;08/10/2016 00:00;14;70
SAVEA;P46;08/10/2016 00:00;10;30
SAVEA;P59;08/10/2016 00:00;44;40
SAVEA;P63;08/10/2016 00:00;35;80
SAVEA;P2;25/12/2016 00:00;15;25
SAVEA;P14;25/12/2016 00:00;19;42
SAVEA;P25;25/12/2016 00:00;11;7
SAVEA;P26;25/12/2016 00:00;25;70
SAVEA;P31;25/12/2016 00:00;10;32
SAVEA;P35;30/12/2016 00:00;14;30
SAVEA;P55;30/12/2016 00:00;19;120
SAVEA;P2;10/02/2017 00:00;15;45
SAVEA;P16;10/02/2017 00:00;14;49
SAVEA;P29;10/02/2017 00:00;99;24
SAVEA;P61;10/02/2017 00:00;23;90
SAVEA;P28;20/02/2017 00:00;36;15
SAVEA;P44;20/02/2017 00:00;16;100
SAVEA;P29;18/04/2017 00:00;124;36
SAVEA;P75;18/04/2017 00:00;8;36
SAVEA;P14;02/06/2017 00:00;23;30
SAVEA;P19;02/06/2017 00:00;9;35
SAVEA;P24;02/06/2017 00:00;5;18
SAVEA;P51;02/06/2017 00:00;53;20
SAVEA;P56;02/06/2017 00:00;38;40
SAVEA;P22;18/07/2017 00:00;21;48
SAVEA;P49;18/07/2017 00:00;20;25
SAVEA;P7;22/07/2017 00:00;30;45
SAVEA;P17;22/07/2017 00:00;39;100
SAVEA;P33;22/07/2017 00:00;3;14
SAVEA;P40;22/07/2017 00:00;18;42
SAVEA;P72;22/07/2017 00:00;35;12
SAVEA;P10;28/07/2017 00:00;31;70
SAVEA;P36;28/07/2017 00:00;19;55
SAVEA;P49;28/07/2017 00:00;20;18
SAVEA;P60;28/07/2017 00:00;34;40
SAVEA;P76;28/07/2017 00:00;18;80
SAVEA;P62;11/08/2017 00:00;49;15
SAVEA;P73;11/08/2017 00:00;15;35
SAVEA;P15;04/09/2017 00:00;16;50
SAVEA;P41;04/09/2017 00:00;10;24
SAVEA;P46;04/09/2017 00:00;12;45
SAVEA;P47;04/09/2017 00:00;10;10
SAVEA;P56;04/09/2017 00:00;38;45
SAVEA;P60;04/09/2017 00:00;34;30
SAVEA;P12;23/09/2017 00:00;38;100
SAVEA;P33;23/09/2017 00:00;3;30
SAVEA;P41;23/09/2017 00:00;10;120
SAVEA;P54;23/09/2017 00:00;7;30
SAVEA;P1;10/10/2017 00:00;18;5
SAVEA;P34;10/10/2017 00:00;14;12
SAVEA;P68;10/10/2017 00:00;13;40
SAVEA;P71;10/10/2017 00:00;22;60
SAVEA;P19;21/10/2017 00:00;9;12
SAVEA;P41;21/10/2017 00:00;10;42
SAVEA;P53;21/10/2017 00:00;33;120
SAVEA;P10;22/10/2017 00:00;31;18
SAVEA;P26;22/10/2017 00:00;31;30
SAVEA;P45;22/10/2017 00:00;10;110
SAVEA;P46;22/10/2017 00:00;12;24
SAVEA;P2;22/10/2017 00:00;19;30
SAVEA;P17;22/10/2017 00:00;39;27
SAVEA;P47;22/10/2017 00:00;10;50
SAVEA;P56;22/10/2017 00:00;38;18
SAVEA;P58;22/10/2017 00:00;13;12
SAVEA;P2;29/10/2017 00:00;19;3
SAVEA;P31;29/10/2017 00:00;13;50
SAVEA;P68;29/10/2017 00:00;13;45
SAVEA;P75;29/10/2017 00:00;8;42
SAVEA;P23;20/11/2017 00:00;9;44
SAVEA;P40;20/11/2017 00:00;18;40
SAVEA;P56;20/11/2017 00:00;38;28
SAVEA;P34;27/11/2017 00:00;14;30
SAVEA;P59;27/11/2017 00:00;55;7
SAVEA;P62;27/11/2017 00:00;49;30
SAVEA;P64;27/11/2017 00:00;33;24
SAVEA;P33;05/01/2018 00:00;3;16
SAVEA;P1;22/01/2018 00:00;18;80
SAVEA;P19;22/01/2018 00:00;9;12
SAVEA;P37;22/01/2018 00:00;26;60
SAVEA;P45;22/01/2018 00:00;10;36
SAVEA;P60;22/01/2018 00:00;34;45
SAVEA;P71;22/01/2018 00:00;22;55
SAVEA;P42;11/02/2018 00:00;14;25
SAVEA;P49;11/02/2018 00:00;20;20
SAVEA;P54;11/02/2018 00:00;7;32
SAVEA;P13;18/02/2018 00:00;6;28
SAVEA;P69;18/02/2018 00:00;36;50
SAVEA;P75;18/02/2018 00:00;8;120
SAVEA;P31;11/03/2018 00:00;13;44
SAVEA;P62;11/03/2018 00:00;49;30
SAVEA;P68;11/03/2018 00:00;13;80
SAVEA;P72;11/03/2018 00:00;35;50
SAVEA;P13;27/03/2018 00:00;6;84
SAVEA;P57;27/03/2018 00:00;20;15
SAVEA;P16;30/03/2018 00:00;17;55
SAVEA;P24;30/03/2018 00:00;5;20
SAVEA;P36;30/03/2018 00:00;19;40
SAVEA;P13;06/04/2018 00:00;6;56
SAVEA;P35;06/04/2018 00:00;18;15
SAVEA;P42;06/04/2018 00:00;14;24
SAVEA;P55;06/04/2018 00:00;24;40
SAVEA;P1;17/04/2018 00:00;18;45
SAVEA;P13;17/04/2018 00:00;6;80
SAVEA;P24;17/04/2018 00:00;5;21
SAVEA;P64;17/04/2018 00:00;33;20
SAVEA;P71;17/04/2018 00:00;22;16
SAVEA;P2;17/04/2018 00:00;19;100
SAVEA;P5;17/04/2018 00:00;21;70
SAVEA;P29;17/04/2018 00:00;124;60
SAVEA;P59;17/04/2018 00:00;55;100
SAVEA;P17;01/05/2018 00:00;39;77
SAVEA;P41;01/05/2018 00:00;10;12
SAVEA;P53;01/05/2018 00:00;33;25
SAVEA;P55;01/05/2018 00:00;24;4
SAVEA;P68;01/05/2018 00:00;13;55
SEVES;P16;21/11/2016 00:00;14;56
SEVES;P31;21/11/2016 00:00;10;70
SEVES;P60;21/11/2016 00:00;27;80
SEVES;P28;09/12/2016 00:00;36;20
SEVES;P39;09/12/2016 00:00;14;20
SEVES;P45;19/12/2016 00:00;8;15
SEVES;P52;19/12/2016 00:00;6;20
SEVES;P53;19/12/2016 00:00;26;40
SEVES;P24;12/03/2017 00:00;4;80
SEVES;P51;12/03/2017 00:00;42;18
SEVES;P17;01/05/2017 00:00;39;25
SEVES;P20;01/05/2017 00:00;81;15
SEVES;P37;01/05/2017 00:00;26;18
SEVES;P41;01/05/2017 00:00;10;6
SEVES;P32;23/05/2017 00:00;32;24
SEVES;P36;23/05/2017 00:00;19;60
SEVES;P11;26/12/2017 00:00;21;50
SEVES;P51;26/12/2017 00:00;53;10
SEVES;P54;26/12/2017 00:00;7;7
SEVES;P10;30/12/2017 00:00;31;36
SEVES;P28;30/12/2017 00:00;46;24
SEVES;P49;30/12/2017 00:00;20;4
SEVES;P1;04/02/2018 00:00;18;40
SEVES;P11;04/02/2018 00:00;21;10
SEVES;P23;04/02/2018 00:00;9;50
SEVES;P68;04/02/2018 00:00;13;20
SIMOB;P33;29/10/2016 00:00;2;8
SIMOB;P59;29/10/2016 00:00;44;9
SIMOB;P38;16/01/2017 00:00;211;50
SIMOB;P46;16/01/2017 00:00;10;2
SIMOB;P68;16/01/2017 00:00;10;36
SIMOB;P77;16/01/2017 00:00;10;35
SIMOB;P72;03/06/2017 00:00;35;24
SIMOB;P21;22/08/2017 00:00;10;30
SIMOB;P61;22/08/2017 00:00;29;20
SIMOB;P36;15/09/2017 00:00;19;30
SIMOB;P30;29/12/2017 00:00;26;25
SIMOB;P51;29/12/2017 00:00;53;30
SIMOB;P55;29/12/2017 00:00;24;60
SIMOB;P62;29/12/2017 00:00;49;5
SIMOB;P16;06/05/2018 00:00;17;14
SPECD;P16;12/11/2017 00:00;17;3
SPECD;P75;25/02/2018 00:00;8;14
SPECD;P18;20/03/2018 00:00;63;6
SPECD;P38;20/03/2018 00:00;264;5
SPECD;P69;20/03/2018 00:00;36;10
SPECD;P11;22/04/2018 00:00;21;10
SPLIR;P33;01/08/2016 00:00;2;24
SPLIR;P19;15/10/2016 00:00;7;10
SPLIR;P30;15/10/2016 00:00;21;8
SPLIR;P38;15/10/2016 00:00;211;20
SPLIR;P56;15/10/2016 00:00;30;12
SPLIR;P54;08/11/2016 00:00;6;24
SPLIR;P29;02/12/2016 00:00;99;20
SPLIR;P56;02/12/2016 00:00;30;18
SPLIR;P7;17/12/2016 00:00;24;10
SPLIR;P60;17/12/2016 00:00;27;20
SPLIR;P68;17/12/2016 00:00;10;8
SPLIR;P26;31/01/2017 00:00;25;10
SPLIR;P54;31/01/2017 00:00;6;40
SPLIR;P18;27/11/2017 00:00;63;21
SPLIR;P36;27/11/2017 00:00;19;20
SPLIR;P68;27/11/2017 00:00;13;6
SPLIR;P69;27/11/2017 00:00;36;20
SPLIR;P35;08/01/2018 00:00;18;20
SPLIR;P51;08/01/2018 00:00;53;6
SPLIR;P63;25/03/2018 00:00;44;10
SUPRD;P20;09/07/2016 00:00;65;40
SUPRD;P33;09/07/2016 00:00;2;25
SUPRD;P60;09/07/2016 00:00;27;40
SUPRD;P17;10/09/2016 00:00;31;40
SUPRD;P28;10/09/2016 00:00;36;28
SUPRD;P43;10/09/2016 00:00;37;12
SUPRD;P26;26/02/2017 00:00;25;30
SUPRD;P28;26/02/2017 00:00;36;30
SUPRD;P43;26/02/2017 00:00;37;20
SUPRD;P56;26/02/2017 00:00;30;15
SUPRD;P71;26/02/2017 00:00;17;50
SUPRD;P19;04/03/2017 00:00;7;21
SUPRD;P42;04/03/2017 00:00;11;50
SUPRD;P31;14/03/2017 00:00;10;35
SUPRD;P66;14/03/2017 00:00;14;60
SUPRD;P76;14/03/2017 00:00;14;42
SUPRD;P42;05/12/2017 00:00;14;2
SUPRD;P10;20/01/2018 00:00;31;16
SUPRD;P56;20/01/2018 00:00;38;30
SUPRD;P59;20/01/2018 00:00;55;50
SUPRD;P77;20/01/2018 00:00;13;15
SUPRD;P4;22/01/2018 00:00;22;21
SUPRD;P70;22/01/2018 00:00;15;30
SUPRD;P74;22/01/2018 00:00;10;20
SUPRD;P2;12/02/2018 00:00;19;20
SUPRD;P24;12/02/2018 00:00;5;12
SUPRD;P70;12/02/2018 00:00;15;30
SUPRD;P77;12/02/2018 00:00;13;25
SUPRD;P21;06/03/2018 00:00;10;36
SUPRD;P27;06/03/2018 00:00;44;25
SUPRD;P55;06/03/2018 00:00;24;25
SUPRD;P58;06/03/2018 00:00;13;30
SUPRD;P1;20/04/2018 00:00;18;10
SUPRD;P35;20/04/2018 00:00;18;60
SUPRD;P42;20/04/2018 00:00;14;30
SUPRD;P54;20/04/2018 00:00;7;10
SUPRD;P40;21/04/2018 00:00;18;5
SUPRD;P52;21/04/2018 00:00;7;2
SUPRD;P71;21/04/2018 00:00;22;30
THEBI;P16;20/09/2016 00:00;14;10
THEBI;P62;20/09/2016 00:00;39;5
THEBI;P5;17/10/2017 00:00;21;4
THEBI;P36;17/10/2017 00:00;19;5
THEBI;P34;30/12/2017 00:00;14;10
THEBI;P38;30/12/2017 00:00;264;10
THEBI;P72;01/04/2018 00:00;35;2
THECR;P28;07/08/2017 00:00;46;10
THECR;P29;07/08/2017 00:00;124;6
THECR;P44;07/08/2017 00:00;19;10
THECR;P10;12/12/2017 00:00;31;6
THECR;P67;12/12/2017 00:00;14;3
THECR;P1;06/04/2018 00:00;18;4
THECR;P40;06/04/2018 00:00;18;10
THECR;P52;06/04/2018 00:00;7;10
TOMSP;P14;05/07/2016 00:00;19;9
TOMSP;P51;05/07/2016 00:00;42;40
TOMSP;P19;06/02/2017 00:00;7;15
TOMSP;P34;06/02/2017 00:00;11;20
TOMSP;P57;06/02/2017 00:00;16;15
TOMSP;P19;14/02/2017 00:00;7;12
TOMSP;P24;14/02/2017 00:00;4;20
TOMSP;P31;14/02/2017 00:00;10;3
TOMSP;P52;14/02/2017 00:00;6;15
TOMSP;P34;26/05/2017 00:00;14;10
TOMSP;P41;26/05/2017 00:00;10;14
TOMSP;P56;23/07/2017 00:00;38;28
TOMSP;P19;23/03/2018 00:00;9;12
TOMSP;P49;23/03/2018 00:00;20;40
TORTU;P10;08/08/2016 00:00;25;15
TORTU;P13;08/08/2016 00:00;5;10
TORTU;P18;29/08/2016 00:00;50;12
TORTU;P24;29/08/2016 00:00;4;10
TORTU;P63;29/08/2016 00:00;35;5
TORTU;P75;29/08/2016 00:00;6;6
TORTU;P49;12/09/2016 00:00;16;30
TORTU;P59;12/09/2016 00:00;44;10
TORTU;P71;12/09/2016 00:00;17;2
TORTU;P17;02/10/2016 00:00;31;8
TORTU;P28;02/10/2016 00:00;36;14
TORTU;P76;02/10/2016 00:00;14;30
TORTU;P24;25/04/2017 00:00;5;5
TORTU;P38;25/04/2017 00:00;264;15
TORTU;P44;25/04/2017 00:00;19;9
TORTU;P1;23/06/2017 00:00;18;10
TORTU;P31;23/06/2017 00:00;13;20
TORTU;P44;23/06/2017 00:00;19;21
TORTU;P10;22/09/2017 00:00;31;2
TORTU;P19;22/09/2017 00:00;9;7
TORTU;P44;22/09/2017 00:00;19;21
TORTU;P11;20/01/2018 00:00;21;15
TORTU;P43;20/01/2018 00:00;46;5
TORTU;P68;20/01/2018 00:00;13;20
TORTU;P70;20/01/2018 00:00;15;12
TORTU;P17;27/02/2018 00:00;39;10
TORTU;P33;27/02/2018 00:00;3;30
TORTU;P54;27/02/2018 00:00;7;10
TORTU;P39;04/05/2018 00:00;18;20
TRADH;P20;28/08/2016 00:00;65;20
TRADH;P31;04/04/2017 00:00;10;20
TRADH;P4;22/07/2017 00:00;22;20
TRADH;P55;22/07/2017 00:00;24;20
TRADH;P62;22/07/2017 00:00;49;10
TRADH;P6;13/01/2018 00:00;25;6
TRADH;P39;13/01/2018 00:00;18;28
TRADH;P60;13/01/2018 00:00;34;30
TRADH;P68;13/01/2018 00:00;13;24
TRADH;P29;15/01/2018 00:00;124;8
TRADH;P30;15/01/2018 00:00;26;20
TRADH;P58;19/01/2018 00:00;13;30
TRADH;P72;19/01/2018 00:00;35;15
TRAIH;P33;19/06/2017 00:00;3;14
TRAIH;P40;19/06/2017 00:00;18;2
TRAIH;P62;19/06/2017 00:00;49;10
TRAIH;P64;19/06/2017 00:00;33;6
TRAIH;P39;23/06/2017 00:00;18;10
TRAIH;P75;23/06/2017 00:00;8;20
TRAIH;P77;23/06/2017 00:00;13;18
TRAIH;P62;08/01/2018 00:00;49;3
TRAIH;P70;08/01/2018 00:00;15;6
VAFFE;P34;28/11/2016 00:00;11;36
VAFFE;P54;28/11/2016 00:00;6;18
VAFFE;P65;28/11/2016 00:00;17;15
VAFFE;P77;28/11/2016 00:00;10;7
VAFFE;P68;31/12/2016 00:00;10;60
VAFFE;P71;31/12/2016 00:00;17;30
VAFFE;P76;31/12/2016 00:00;14;35
VAFFE;P77;31/12/2016 00:00;10;14
VAFFE;P24;05/03/2017 00:00;4;25
VAFFE;P29;05/03/2017 00:00;99;18
VAFFE;P40;05/03/2017 00:00;15;20
VAFFE;P45;05/03/2017 00:00;8;30
VAFFE;P50;05/03/2017 00:00;13;25
VAFFE;P3;07/07/2017 00:00;10;14
VAFFE;P7;07/07/2017 00:00;30;10
VAFFE;P54;07/07/2017 00:00;7;50
VAFFE;P77;17/07/2017 00:00;13;5
VAFFE;P10;01/10/2017 00:00;31;18
VAFFE;P28;01/10/2017 00:00;46;60
VAFFE;P34;01/10/2017 00:00;14;14
VAFFE;P40;17/11/2017 00:00;18;50
VAFFE;P41;08/12/2017 00:00;10;30
VAFFE;P52;08/12/2017 00:00;7;15
VAFFE;P61;08/12/2017 00:00;29;20
VAFFE;P62;08/12/2017 00:00;49;15
VAFFE;P35;03/03/2018 00:00;18;10
VAFFE;P63;03/03/2018 00:00;44;40
VAFFE;P10;12/03/2018 00:00;31;25
VAFFE;P24;12/03/2018 00:00;5;25
VAFFE;P77;12/03/2018 00:00;13;40
VAFFE;P59;02/04/2018 00:00;55;18
VICTE;P22;08/07/2016 00:00;17;6
VICTE;P57;08/07/2016 00:00;16;15
VICTE;P65;08/07/2016 00:00;17;20
VICTE;P52;21/10/2016 00:00;6;8
VICTE;P68;21/10/2016 00:00;10;10
VICTE;P10;19/02/2017 00:00;25;20
VICTE;P54;19/02/2017 00:00;6;6
VICTE;P7;27/02/2017 00:00;24;16
VICTE;P46;27/02/2017 00:00;10;20
VICTE;P72;27/02/2017 00:00;28;40
VICTE;P10;18/03/2017 00:00;25;20
VICTE;P7;23/05/2017 00:00;30;10
VICTE;P35;23/05/2017 00:00;18;30
VICTE;P62;23/05/2017 00:00;49;40
VICTE;P2;31/12/2017 00:00;19;20
VICTE;P65;31/12/2017 00:00;21;2
VICTE;P74;31/12/2017 00:00;10;15
VICTE;P41;05/01/2018 00:00;10;20
VICTE;P43;05/01/2018 00:00;46;20
VICTE;P48;05/01/2018 00:00;13;8
VICTE;P61;05/01/2018 00:00;29;30
VICTE;P51;21/01/2018 00:00;53;4
VICTE;P25;23/01/2018 00:00;14;20
VICTE;P33;23/01/2018 00:00;3;4
VICTE;P70;23/01/2018 00:00;15;30
VINET;P11;04/07/2016 00:00;14;12
VINET;P42;04/07/2016 00:00;10;10
VINET;P72;04/07/2016 00:00;35;5
VINET;P71;06/08/2016 00:00;17;20
VINET;P72;06/08/2016 00:00;28;7
VINET;P56;02/09/2016 00:00;30;4
VINET;P13;11/11/2017 00:00;6;4
VINET;P41;11/11/2017 00:00;10;12
VINET;P36;12/11/2017 00:00;19;6
VINET;P52;12/11/2017 00:00;7;18
WANDK;P40;09/09/2016 00:00;15;10
WANDK;P56;09/09/2016 00:00;30;20
WANDK;P28;23/09/2016 00:00;36;4
WANDK;P43;23/09/2016 00:00;37;24
WANDK;P53;23/09/2016 00:00;26;20
WANDK;P75;23/09/2016 00:00;6;10
WANDK;P1;07/11/2016 00:00;14;15
WANDK;P23;07/11/2016 00:00;7;25
WANDK;P31;18/11/2016 00:00;10;30
WANDK;P55;18/11/2016 00:00;19;12
WANDK;P69;18/11/2016 00:00;29;20
WANDK;P21;22/04/2017 00:00;10;40
WANDK;P32;22/04/2017 00:00;32;50
WANDK;P61;22/04/2017 00:00;29;15
WANDK;P2;14/08/2017 00:00;19;30
WANDK;P33;14/08/2017 00:00;3;20
WANDK;P69;21/08/2017 00:00;36;20
WANDK;P70;21/08/2017 00:00;15;15
WANDK;P19;01/09/2017 00:00;9;12
WANDK;P22;01/09/2017 00:00;21;20
WANDK;P31;15/09/2017 00:00;13;8
WANDK;P55;15/09/2017 00:00;24;4
WANDK;P64;15/09/2017 00:00;33;15
WANDK;P12;23/04/2018 00:00;38;20
WANDK;P32;23/04/2018 00:00;32;15
WANDK;P35;23/04/2018 00:00;18;18
WARTH;P12;26/07/2016 00:00;30;12
WARTH;P36;01/08/2016 00:00;15;30
WARTH;P43;01/08/2016 00:00;37;25
WARTH;P71;03/10/2016 00:00;17;30
WARTH;P14;18/10/2016 00:00;19;10
WARTH;P21;18/10/2016 00:00;8;10
WARTH;P71;18/10/2016 00:00;17;40
WARTH;P14;13/01/2017 00:00;19;20
WARTH;P19;16/01/2017 00:00;7;20
WARTH;P53;16/01/2017 00:00;26;10
WARTH;P57;16/01/2017 00:00;16;20
WARTH;P53;05/02/2017 00:00;26;15
WARTH;P39;24/02/2017 00:00;14;20
WARTH;P53;24/02/2017 00:00;26;50
WARTH;P61;24/02/2017 00:00;23;25
WARTH;P71;24/02/2017 00:00;17;30
WARTH;P1;05/05/2017 00:00;18;8
WARTH;P13;05/05/2017 00:00;6;10
WARTH;P56;05/05/2017 00:00;38;30
WARTH;P11;30/05/2017 00:00;21;15
WARTH;P16;30/05/2017 00:00;17;14
WARTH;P22;30/05/2017 00:00;21;24
WARTH;P31;30/05/2017 00:00;13;30
WARTH;P35;30/05/2017 00:00;18;6
WARTH;P29;30/06/2017 00:00;124;10
WARTH;P60;30/06/2017 00:00;34;24
WARTH;P69;30/06/2017 00:00;36;10
WARTH;P4;19/08/2017 00:00;22;25
WARTH;P58;19/08/2017 00:00;13;6
WARTH;P14;21/11/2017 00:00;23;5
WARTH;P45;21/11/2017 00:00;10;40
WARTH;P59;21/11/2017 00:00;55;25
WARTH;P54;17/12/2017 00:00;7;3
WARTH;P56;17/12/2017 00:00;38;20
WARTH;P74;17/12/2017 00:00;10;35
WARTH;P1;15/04/2018 00:00;18;10
WARTH;P13;15/04/2018 00:00;6;20
WELLI;P53;15/07/2016 00:00;26;15
WELLI;P77;15/07/2016 00:00;10;12
WELLI;P9;21/01/2017 00:00;78;20
WELLI;P13;21/01/2017 00:00;5;2
WELLI;P70;21/01/2017 00:00;12;8
WELLI;P73;21/01/2017 00:00;12;20
WELLI;P47;01/07/2017 00:00;10;15
WELLI;P18;25/08/2017 00:00;63;4
WELLI;P43;25/08/2017 00:00;46;20
WELLI;P46;25/08/2017 00:00;12;21
WELLI;P19;30/12/2017 00:00;9;24
WELLI;P25;30/12/2017 00:00;14;15
WELLI;P59;30/12/2017 00:00;55;15
WELLI;P52;01/01/2018 00:00;7;20
WELLI;P70;20/02/2018 00:00;15;3
WELLI;P1;24/02/2018 00:00;18;20
WELLI;P1;09/03/2018 00:00;18;21
WELLI;P18;09/03/2018 00:00;63;4
WELLI;P23;09/03/2018 00:00;9;8
WHITC;P33;31/07/2016 00:00;2;60
WHITC;P72;31/07/2016 00:00;28;20
WHITC;P4;01/11/2016 00:00;18;35
WHITC;P8;01/11/2016 00:00;32;70
WHITC;P2;10/03/2017 00:00;15;40
WHITC;P16;10/03/2017 00:00;14;35
WHITC;P44;10/03/2017 00:00;16;2
WHITC;P34;24/03/2017 00:00;11;35
WHITC;P77;24/03/2017 00:00;10;30
WHITC;P2;11/04/2017 00:00;19;12
WHITC;P21;11/04/2017 00:00;10;12
WHITC;P53;11/04/2017 00:00;33;10
WHITC;P61;11/04/2017 00:00;29;25
WHITC;P56;11/07/2017 00:00;38;5
WHITC;P63;11/07/2017 00:00;44;24
WHITC;P75;11/07/2017 00:00;8;30
WHITC;P9;06/10/2017 00:00;97;6
WHITC;P54;06/10/2017 00:00;7;60
WHITC;P69;06/10/2017 00:00;36;30
WHITC;P73;06/10/2017 00:00;15;15
WHITC;P17;08/10/2017 00:00;39;20
WHITC;P46;08/10/2017 00:00;12;18
WHITC;P26;30/10/2017 00:00;31;15
WHITC;P28;13/11/2017 00:00;46;5
WHITC;P35;13/11/2017 00:00;18;35
WHITC;P45;13/11/2017 00:00;10;40
WHITC;P56;13/11/2017 00:00;38;14
WHITC;P17;30/01/2018 00:00;39;42
WHITC;P18;30/01/2018 00:00;63;20
WHITC;P21;30/01/2018 00:00;10;40
WHITC;P33;30/01/2018 00:00;3;35
WHITC;P62;30/01/2018 00:00;49;3
WHITC;P58;24/02/2018 00:00;13;15
WHITC;P62;24/02/2018 00:00;49;35
WHITC;P36;17/04/2018 00:00;19;35
WHITC;P38;17/04/2018 00:00;264;25
WHITC;P59;17/04/2018 00:00;55;30
WHITC;P16;01/05/2018 00:00;17;3
WHITC;P19;01/05/2018 00:00;9;42
WHITC;P34;01/05/2018 00:00;14;35
WILMK;P55;30/07/2017 00:00;24;5
WILMK;P16;18/09/2017 00:00;17;3
WILMK;P42;18/09/2017 00:00;14;6
WILMK;P43;18/09/2017 00:00;46;6
WILMK;P8;07/10/2017 00:00;40;10
WILMK;P12;07/10/2017 00:00;38;4
WILMK;P24;07/10/2017 00:00;5;20
WILMK;P21;06/02/2018 00:00;10;20
WILMK;P28;06/02/2018 00:00;46;3
WILMK;P40;10/02/2018 00:00;18;12
WILMK;P65;10/02/2018 00:00;21;10
WILMK;P76;10/02/2018 00:00;18;10
WILMK;P19;26/02/2018 00:00;9;12
WILMK;P49;26/02/2018 00:00;20;10
WILMK;P61;26/02/2018 00:00;29;5
WILMK;P1;07/04/2018 00:00;18;2
WILMK;P59;07/04/2018 00:00;55;10
WOLZA;P31;05/12/2016 00:00;10;30
WOLZA;P58;05/12/2016 00:00;11;15
WOLZA;P1;25/07/2017 00:00;18;6
WOLZA;P2;25/07/2017 00:00;19;10
WOLZA;P60;25/07/2017 00:00;34;15
WOLZA;P2;23/12/2017 00:00;19;10
WOLZA;P54;23/12/2017 00:00;7;3
WOLZA;P68;23/12/2017 00:00;13;15
WOLZA;P35;04/02/2018 00:00;18;3
WOLZA;P51;04/02/2018 00:00;53;2
WOLZA;P61;25/02/2018 00:00;29;15
WOLZA;P24;03/04/2018 00:00;5;12
WOLZA;P61;03/04/2018 00:00;29;7
WOLZA;P74;03/04/2018 00:00;10;20
WOLZA;P75;03/04/2018 00:00;8;30
WOLZA;P62;23/04/2018 00:00;49;12
